Player Name,Team,Pick,career_prob_Survival_Prob_1,career_prob_Survival_Prob_2,career_prob_Survival_Prob_3,career_prob_Survival_Prob_4,career_prob_Survival_Prob_5,career_prob_Survival_Prob_6,career_prob_Survival_Prob_7,skill_Agility,skill_Vision,skill_Ball Security,skill_Passing Skills,skill_Injury Risk,skill_Top End Speed,skill_Contact Balance,skill_Workload Capability,accolade_PB_prediction_y,accolade_AP1_prediction_y,color_primary,color_secondary
Ashton Jeanty,Las Vegas Raiders,6,0.6995993767495161,0.6023674678114381,0.5311110524795105,0.4924228551580036,0.3755064967487426,0.2969009132066392,0.129297304310137,0.4769372693726937,0.5387453874538746,0.15,1.0,0.15,1.0,0.5784541646190602,0.507380073800738,0.9184795859556418,0.3200957419978816,#A5ACAF,#000000
Omarion Hampton,Los Angeles Chargers,22,0.5137841706683052,0.3887187404790749,0.3074061475722622,0.2669817338866675,0.1610779055545194,0.1039644151714011,0.0220747776399437,1.0,0.3506600304262615,0.15,0.15,0.15,0.5046125461254612,0.631985207467843,0.507380073800738,0.8121651474327368,0.2112570447087087,#0080C6,#FFC20E
Quinshon Judkins,Cleveland Browns,36,0.603507527487405,0.4884468124942255,0.4088163920112292,0.3673637853780816,0.2504315231944181,0.1796783556208447,0.0554834246730537,1.0,0.15,0.4833948339483395,0.5119926199261993,0.15,1.0,1.0,0.507380073800738,0.8300827942747165,0.2192731753189113,#FF3C00,#311D00
TreVeyon Henderson,New England Patriots,38,0.5322841494638763,0.4087269859204613,0.3272836779381832,0.2863820738242116,0.1774830213585286,0.1172481640556546,0.0270312182996978,0.15,1.0,1.0,0.7929084733064852,1.0,0.5046125461254612,0.15,0.507380073800738,0.7741587202206572,0.1539921679807518,#002244,#C60C30
Kaleb Johnson,Pittsburgh Steelers,83,0.423811594919893,0.2958058574575511,0.2185847331321244,0.1822586250874339,0.0950177850220244,0.0540361588814738,0.0073307386649152,0.4769372693726937,0.3543080354934146,0.15,0.5119926199261993,0.15,0.15,0.2537714977797289,0.507380073800738,0.6450504599659678,0.2564976628409,#FFB612,#101820
Bhayshul Tuten,Jacksonville Jaguars,98,0.1882765359201087,0.0935470681167967,0.0519353670786713,0.0364694608278137,0.0102725872692587,0.0034267661014357,7.037163189066602e-05,1.0,0.5387453874538746,1.0,0.5119926199261993,1.0,1.0,0.1586565298464232,0.507380073800738,0.5174663498578117,0.0727813250239192,#006778,#D7A22A
Cam Skattebo,New York Giants,99,0.5081709878580414,0.3827068710457888,0.3014824574021131,0.2612287689618302,0.1562987614666287,0.100153841934819,0.0207289771272319,0.15,1.0,0.4833948339483395,0.15,0.540590405904059,0.5046125461254612,0.8468436063756057,1.0,0.1787619560304523,0.1879460218507336,#0B2265,#A71930
Trevor Etienne,Carolina Panthers,108,0.3438300627429553,0.2198529289900566,0.1509164327371855,0.1203858016501795,0.0535519694129004,0.0265422800311847,0.0022133508201059,0.4769372693726937,0.5387453874538746,0.4833948339483395,0.5119926199261993,0.540590405904059,0.5046125461254612,0.8856088560885609,0.507380073800738,0.2733412099470967,0.2717977611174654,#0085CA,#101820
Woody Marks,Houston Texans,110,0.2778114901607675,0.1624627973459705,0.1034492970936619,0.0788793201245901,0.0298474867037975,0.0128585963245393,0.0006529022319651,0.4769372693726937,0.5387453874538746,0.4833948339483395,0.795081244415964,0.540590405904059,0.5046125461254612,0.3367158671586716,0.507380073800738,0.118660190557688,0.0765546465961064,#03202F,#A71930
Jarquez Hunter,Los Angeles Rams,111,0.3170471576677401,0.1959565046459869,0.1307230545189207,0.1025024995176486,0.0428757191639942,0.0201473683992869,0.0013911580986138,0.15,1.0,0.4833948339483395,1.0,0.540590405904059,0.5046125461254612,0.15,0.507380073800738,0.3278316236323063,0.0441389090701258,#003594,#FFA300
Dylan Sampson,Cleveland Browns,120,0.1676911173872974,0.0793744430920139,0.042305080191307,0.0289876169563557,0.0074783936835944,0.002311807244887,3.626212567158016e-05,1.0,1.0,0.9044856755780948,1.0,0.540590405904059,1.0,0.201414348747108,0.507380073800738,0.2013357568897091,0.0040039615146305,#FF3C00,#311D00
Jordan James,San Francisco 49ers,137,0.1901055936417281,0.0948391350890102,0.0528323903062981,0.0371753707759116,0.0105485210281572,0.0035412508138,7.437720480813959e-05,0.4769372693726937,0.7579460032474893,0.4833948339483395,0.5119926199261993,0.540590405904059,0.5046125461254612,0.15,0.507380073800738,0.2548934802418063,0.0471098160454649,#AA0000,#B3995D
Jaydon Blue,Dallas Cowboys,140,0.1632125756885766,0.0763835489254734,0.0403244647073252,0.0274725916374387,0.006943448579519,0.0021085751514894,3.105521198545276e-05,0.4769372693726937,0.5387453874538746,0.4833948339483395,0.15,0.540590405904059,0.5046125461254612,0.3367158671586716,0.507380073800738,0.1778254255470102,0.0862477416194686,#003594,#869397
DJ Giddens,Indianapolis Colts,142,0.1822007459410774,0.0892928925671707,0.0490037716965904,0.0341727236928181,0.0093890333253809,0.0030652029823713,5.832074601368169e-05,0.4769372693726937,0.5387453874538746,0.4833948339483395,0.5119926199261993,0.540590405904059,0.5046125461254612,0.3367158671586716,0.507380073800738,0.2712179242335705,0.2206358100756917,#002C5F,#A2AAAD
Jonathon Brooks,Carolina Panthers,46,0.6108304026325027,0.4968774120332851,0.4176439239801141,0.3762557469019245,0.25885115128464,0.1871977549792334,0.0594506214180134,0.4769372693726937,0.5387453874538746,0.4833948339483395,0.15,0.540590405904059,0.5046125461254612,0.6909442998379344,0.507380073800738,0.6035662994032652,0.5729864736529001,#0085CA,#101820
Trey Benson,Arizona Cardinals,66,0.5365173362381046,0.4133467673466406,0.3319081677978442,0.2909161003880555,0.1813798413430663,0.1204481350465914,0.0282855585084042,0.15,0.15,0.4833948339483395,0.5119926199261993,0.540590405904059,0.5046125461254612,0.5756463665050395,0.507380073800738,0.4865247839786233,0.4408612275877828,#97233F,#FFB612
Blake Corum,Los Angeles Rams,83,0.4555422348206256,0.3277152027369013,0.2484046130487295,0.2103130888395956,0.1158175534283516,0.069066790070397,0.0110839566961861,0.15,0.5387453874538746,0.4833948339483395,0.15,0.540590405904059,0.5046125461254612,0.8856088560885609,0.507380073800738,0.2554960502757719,0.5341347851027559,#003594,#FFA300
MarShawn Lloyd,Green Bay Packers,89,0.5007679118647499,0.3748204437068185,0.2937467261146693,0.2537363431988714,0.1501348110149981,0.0952803216185631,0.0190582569953671,1.0,0.15,0.4833948339483395,0.5119926199261993,0.540590405904059,0.5046125461254612,0.65127497697888,0.507380073800738,0.6100226996272413,0.2265248171920614,#203731,#FFB612
Jaylen Wright,Miami Dolphins,116,0.2215086937370327,0.1178134024130772,0.0692637106277581,0.0503405044374806,0.0160410134882676,0.0059545619526646,0.0001784968202022,1.0,0.5387453874538746,0.4833948339483395,0.5119926199261993,0.540590405904059,0.5046125461254612,0.2518836195583595,0.507380073800738,0.3162212140843379,0.0759773952001481,#008E97,#FC4C02
Bucky Irving,Tampa Bay Buccaneers,121,0.2468745094797019,0.1374051019486452,0.0839280572166776,0.0624147891281474,0.0215937428170233,0.0086080135487337,0.0003320836195356,0.4769372693726937,0.5387453874538746,0.4833948339483395,0.15,0.540590405904059,0.5046125461254612,0.8856088560885609,0.507380073800738,0.1101375852413097,0.090349850001763,#D50A0A,#FF7900
Will Shipley,Philadelphia Eagles,123,0.3226281879800547,0.2008688120948194,0.1348266401366671,0.1061114925586939,0.0449769024077216,0.0213785874453282,0.0015373457666202,0.15,0.15,0.4833948339483395,1.0,0.540590405904059,0.5046125461254612,0.5624347330896557,0.507380073800738,0.2292985600563488,0.0506663880252882,#004C54,#A5ACAF
Ray Davis,Buffalo Bills,124,0.3329600859987757,0.2100567538117132,0.142568722034008,0.1129559903684761,0.0490369661720997,0.0237965310258928,0.0018414559813989,0.15,0.5387453874538746,0.4833948339483395,0.5119926199261993,0.540590405904059,0.5046125461254612,0.6033079408688751,0.507380073800738,0.3213929573794758,0.3068753071164793,#00338D,#C60C30
Isaac Guerendo,San Francisco 49ers,125,0.326904440135048,0.2046568726070971,0.138008163889597,0.1089186281318486,0.0466303000305395,0.0223571988227013,0.0016577400137193,0.2111333800355638,0.5387453874538746,0.4833948339483395,0.5119926199261993,0.540590405904059,0.5046125461254612,1.0,0.507380073800738,0.1580731226970044,0.2839936734017469,#AA0000,#B3995D
Sione Vaki,Detroit Lions,128,0.3031955119047023,0.1839213110265342,0.1207778996651668,0.0938128456393465,0.0379331283214412,0.0173089231049777,0.0010771682125867,0.15,0.15,0.4833948339483395,0.5119926199261993,0.15,0.5046125461254612,0.8135975176923038,0.507380073800738,0.3604344646625006,0.2476991471389963,#0076B6,#B0B7BC
Braelon Allen,New York Jets,130,0.2629959688399685,0.1503083979265585,0.0938791571854503,0.0707564167746374,0.0256833286676745,0.01067305458605,0.0004770459148923,1.0,0.5387453874538746,0.4833948339483395,0.15,0.540590405904059,0.5046125461254612,0.2906110870228713,0.507380073800738,0.3635717284911445,0.13658310706938,#125740,#FFFFFF
Audric Estim√©,Denver Broncos,140,0.0977614912549513,0.036913017397255,0.0162670015126731,0.0099429347706069,0.0017033459541019,0.0003692959776479,1.6503725305514002e-06,0.15,0.5387453874538746,0.4833948339483395,0.5119926199261993,0.540590405904059,1.0,0.15,0.507380073800738,0.1419520053888263,0.0571544677398087,#FB4F14,#002244
Rasheen Ali,Baltimore Ravens,158,0.2405135055784724,0.1324089802280418,0.0801358023716265,0.0592661617592992,0.0201022846555311,0.0078771099986555,0.000285977395652,0.4769372693726937,0.15,0.4833948339483395,1.0,0.540590405904059,0.5046125461254612,0.5756378771412909,0.507380073800738,0.1438298493391233,0.0272696710418938,#241773,#9E7C0C
Tyrone Tracy Jr.,New York Giants,159,0.1850845002463567,0.0913047648549019,0.0503859486396572,0.0352535922395993,0.0098021032325512,0.0032332662541603,6.380792489061006e-05,0.4769372693726937,1.0,0.4833948339483395,0.5119926199261993,0.540590405904059,0.5046125461254612,0.843817709074338,0.507380073800738,0.1117687359777786,0.067252735285535,#0B2265,#A71930
Bijan Robinson,Atlanta Falcons,8,0.6831087669633069,0.5823212633987159,0.5091382181106028,0.4696727092232391,0.3517339189801783,0.2737772109633894,0.1127896994327674,0.4769372693726937,1.0,0.4833948339483395,0.15,0.540590405904059,0.5046125461254612,0.4738498425088839,0.507380073800738,0.8807250972899913,0.578729511382153,#A71930,#000000
Jahmyr Gibbs,Detroit Lions,12,0.7561049803801879,0.6725487947636347,0.6094460507539924,0.5744202233191041,0.4646262061171155,0.3866124227863448,0.2017189954516946,0.4769372693726937,0.5387453874538746,0.4833948339483395,0.5119926199261993,0.540590405904059,0.5046125461254612,0.8856088560885609,0.507380073800738,0.8137093579059608,0.9103907802590804,#0076B6,#B0B7BC
Zach Charbonnet,Seattle Seahawks,53,0.4047480279445585,0.277106215364566,0.2014723152019416,0.1663611582444191,0.0837534588561969,0.0462105213421375,0.0056324009586876,0.4769372693726937,1.0,0.15,0.5119926199261993,0.540590405904059,0.5046125461254612,0.15,0.507380073800738,0.6715644410526537,0.211655342333214,#69BE28,#002244
Kendre Miller,New Orleans Saints,72,0.393336036116995,0.2660862774649604,0.1915200902364337,0.1571886660788851,0.0774368339584377,0.0419294670052269,0.0047815580043433,1.0,0.15,0.4833948339483395,0.15,0.540590405904059,0.5046125461254612,0.3367158671586716,0.507380073800738,0.3183967663225673,0.0646311310017939,#D3BC8D,#101820
Tyjae Spears,Tennessee Titans,82,0.324184899204578,0.2022453845237621,0.1359810897959023,0.1071291860778998,0.0455744118822652,0.0217312619959742,0.0015803083925095,0.4769372693726937,0.5387453874538746,0.15,0.5119926199261993,0.540590405904059,0.5046125461254612,0.7336430105773913,0.507380073800738,0.3317296589495968,0.2458318080600039,#0C2340,#4B92DB
De'Von Achane,Miami Dolphins,85,0.4040560667288365,0.2764342757217316,0.2008626205191366,0.1657976451377452,0.0833614650532996,0.0459425278728181,0.0055774852585862,0.4769372693726937,0.5387453874538746,0.4833948339483395,1.0,0.15,0.5046125461254612,0.15,0.507380073800738,0.4586697346844081,0.1449517865230817,#008E97,#FC4C02
Tank Bigsby,Jacksonville Jaguars,89,0.3999007961489477,0.27240938713465,0.1972183035731736,0.1624336499755136,0.0810320213955993,0.0443562300357572,0.0052569253387381,0.4769372693726937,0.5387453874538746,0.4833948339483395,0.5119926199261993,0.540590405904059,0.5046125461254612,0.3367158671586716,0.507380073800738,0.4272463147315264,0.3449627959040536,#006778,#D7A22A
Roschon Johnson,Chicago Bears,109,0.4230723805427485,0.2950740645837965,0.2179098763514972,0.1816287805831105,0.0945640849814723,0.0537164532104274,0.0072578238527882,0.4769372693726937,0.15,0.4833948339483395,0.7970479704772158,0.540590405904059,0.5046125461254612,0.7455362850835623,0.507380073800738,0.2774502734882031,0.0552143965583477,#C83803,#0B162A
Israel Abanikanda,New York Jets,136,0.2606582263801489,0.1484162167008038,0.0924061293883219,0.0695146731392258,0.0250622342946593,0.0103539911090644,0.0004532692597724,1.0,0.727092613059225,0.4833948339483395,0.5119926199261993,0.540590405904059,0.5046125461254612,0.1995978318175628,0.507380073800738,0.3331841050597705,0.0414645909506922,#125740,#FFFFFF
Chase Brown,Cincinnati Bengals,156,0.1395413141087854,0.0611567769062379,0.0305514465612822,0.0201351871343796,0.0045185345368496,0.0012378570953459,1.2660986488152204e-05,0.15,1.0,0.4833948339483395,0.5119926199261993,0.540590405904059,0.5046125461254612,0.8060790793095732,0.507380073800738,0.1464574389157345,0.0272182163384637,#FB4F14,#000000
Breece Hall,New York Jets,36,0.5979524855920998,0.482079957396018,0.4021747723353223,0.3606887767554725,0.2441620284343054,0.1741183359175827,0.0526219672438625,0.4769372693726937,1.0,0.15,1.0,0.540590405904059,0.5046125461254612,0.5075595973087325,0.507380073800738,0.728386507588595,0.1920754047584477,#125740,#FFFFFF
Kenneth Walker III,Seattle Seahawks,41,0.6261037159728632,0.5145973395636865,0.4363191157384041,0.3951408718284238,0.2769854816297736,0.2035913211410853,0.0684814040859928,1.0,0.15,0.4833948339483395,0.15,0.540590405904059,0.5046125461254612,0.6883108197696601,0.507380073800738,0.6195498113464035,0.4395676322085511,#69BE28,#002244
James Cook,Buffalo Bills,63,0.5164552937882334,0.3915892789642021,0.3102426405663362,0.2697411879413398,0.1633843329449524,0.105813180399744,0.0227400613794662,0.4769372693726937,0.5387453874538746,0.4833948339483395,1.0,0.540590405904059,0.15,0.4824987256521885,0.507380073800738,0.2824143621648897,0.1767874279459814,#00338D,#C60C30
Rachaad White,Tampa Bay Buccaneers,91,0.4262195282686895,0.2981933216521856,0.2207893241771645,0.184317788911107,0.096505258885496,0.0550868887250009,0.0075724585810391,1.0,1.0,0.4833948339483395,1.0,0.540590405904059,0.15,0.7647531232119199,0.507380073800738,0.2941884855650845,0.0093762811561396,#D50A0A,#FF7900
Tyrion Davis-Price,San Francisco 49ers,93,0.4474477482312205,0.3194837786118332,0.2406400589356237,0.2029673203124426,0.1102621151798497,0.0649833325355746,0.0100025199929477,0.15,0.15,0.4833948339483395,1.0,0.540590405904059,0.5046125461254612,0.2482381497912197,0.507380073800738,0.2966694173028204,0.2203298353026442,#AA0000,#B3995D
Brian Robinson,Washington Commanders,98,0.4413059311323434,0.3132794858048414,0.234820346519405,0.1974799946507796,0.106161942067257,0.0620009074846592,0.0092414059591152,0.15,1.0,0.4833948339483395,0.5119926199261993,0.540590405904059,0.5046125461254612,0.8540442761010185,0.507380073800738,0.5608949898753519,0.1743716491705016,#5A1414,#FFB612
Dameon Pierce,Houston Texans,98,0.4868637162707151,0.3601403593406562,0.279455037337535,0.2399565165578057,0.1389800419229356,0.0865832871366782,0.0162202674670114,0.15,1.0,0.4833948339483395,1.0,0.540590405904059,0.5046125461254612,0.4814452551256323,0.507380073800738,0.4723908874657754,0.1192494372999156,#03202F,#A71930
Zamir White,Las Vegas Raiders,113,0.2289657309677527,0.1234802888836036,0.0734473624877476,0.0537566704200871,0.0175653670874719,0.0066639140397829,0.0002157597358756,0.2122583554100101,0.7259214249236028,0.4833948339483395,0.15,0.540590405904059,0.5046125461254612,0.4429239034009757,0.507380073800738,0.299978193299142,0.0505111504258036,#A5ACAF,#000000
Isaiah Spiller,Los Angeles Chargers,114,0.3157061458303082,0.1947815373127195,0.1297452811315523,0.1016445543078509,0.0423803312500952,0.0198591647646575,0.0013577996486241,0.4769372693726937,0.3563403791147213,0.15,1.0,0.540590405904059,0.5046125461254612,0.5497155769861809,0.507380073800738,0.38169642138642,0.0291412349082851,#0080C6,#FFC20E
Pierre Strong,New England Patriots,118,0.174808060005993,0.0841963511840342,0.0455372229562538,0.031478078792594,0.0083810909113757,0.0026626371660835,4.600633841190465e-05,0.1975473125078125,1.0,0.4833948339483395,0.15,0.540590405904059,0.5046125461254612,0.2496992260720263,0.507380073800738,0.2774703215298853,0.0493144923090388,#002244,#C60C30
Hassan Haskins,Tennessee Titans,122,0.2280036432469722,0.1227447566358247,0.0729016016918303,0.0533096793519182,0.0173637454254025,0.0065692117559097,0.0002106197285735,1.0,0.5387453874538746,0.4833948339483395,0.15,0.540590405904059,0.5046125461254612,0.15,0.507380073800738,0.2773814011818358,0.0503453945116976,#0C2340,#4B92DB
Tyler Allgeier,Atlanta Falcons,136,0.3174448024015987,0.1963053136254706,0.1310136039445269,0.1027575896222025,0.0430233181188919,0.0202333925151434,0.0014011787369214,0.4769372693726937,0.15,0.4833948339483395,0.5119926199261993,0.15,0.5046125461254612,0.6526342912976778,0.507380073800738,0.5099567623372652,0.2599604496366081,#A71930,#000000
Snoop Conner,Jacksonville Jaguars,139,0.1246724218418021,0.0521213749129572,0.0250241262537121,0.016103610894531,0.0033177041850603,0.0008439938191579,6.641631682949025e-06,0.15,0.5387453874538746,0.4833948339483395,0.15,0.540590405904059,0.15,0.15,0.507380073800738,0.0870479430868092,0.048082668415494,#006778,#D7A22A
Jerome Ford,Cleveland Browns,141,0.2316202561678473,0.1255164279921272,0.0749623697427278,0.0549995709561995,0.0181293619249861,0.0069302032710992,0.0002304812697996,0.4769372693726937,0.5387453874538746,0.4833948339483395,0.5119926199261993,0.540590405904059,0.5046125461254612,0.3367158671586716,0.507380073800738,0.2865134337435109,0.1591043512058916,#FF3C00,#311D00
Kyren Williams,Los Angeles Rams,149,0.2336938526235774,0.1271137885903437,0.0761551852362718,0.0559802656502077,0.0185778353943213,0.0071433749062898,0.0002425492926632,0.15,0.3528746144099193,0.4833948339483395,1.0,0.540590405904059,0.5046125461254612,0.719769227824784,0.507380073800738,0.0658831100122218,0.0122826672868372,#003594,#FFA300
Ty Chandler,Minnesota Vikings,154,0.2452216681415754,0.1361016646028788,0.0829353407081948,0.0615888822505597,0.0211996724990258,0.0084136817115904,0.0003195523636521,0.15,0.3302429659229932,0.4833948339483395,0.5119926199261993,0.540590405904059,0.5046125461254612,1.0,0.507380073800738,0.1102690322000151,0.0476103463885014,#4F2683,#FFC62F
Najee Harris,Pittsburgh Steelers,24,0.7734545933030635,0.6945500265293698,0.6344350539115031,0.6008520654378935,0.4944442242225604,0.4176064739935489,0.229701936250053,0.4769372693726937,0.309040590405904,0.4833948339483395,1.0,0.15,0.15,0.5341328413284132,0.507380073800738,0.8786253689628447,0.2944727054352984,#FFB612,#101820
Travis Etienne,Jacksonville Jaguars,25,0.7546555043299241,0.6707201858057996,0.6073781511108326,0.5722386519442489,0.4621882067875756,0.3840988991882718,0.1995147047407209,0.4769372693726937,0.15,0.4833948339483395,0.5119926199261993,0.540590405904059,0.5046125461254612,0.7370848708487086,0.507380073800738,0.8216461073201381,0.7907386364714786,#006778,#D7A22A
Clyde Edwards-Helaire,Kansas City Chiefs,32,0.6033130963012513,0.4882235510277478,0.4085831299812273,0.3671291297604767,0.2502103784525321,0.1794816628694616,0.0553811481048384,0.7481549815498154,0.15,0.4833948339483395,0.7998154981549814,0.15,0.5046125461254612,0.6411439114391144,0.507380073800738,0.6255491142198353,0.3483211559511064,#E31837,#FFB81C
D'Andre Swift,Detroit Lions,35,0.6579850461823175,0.5521692202324726,0.4764422076277428,0.4360381621535671,0.3173917455737711,0.2410345012791057,0.0910088320623213,0.4769372693726937,0.5387453874538746,0.4833948339483395,0.5119926199261993,0.540590405904059,0.5046125461254612,0.3367158671586716,0.507380073800738,0.5666609913030105,0.2345023931600682,#0076B6,#B0B7BC
Javonte Williams,Denver Broncos,35,0.6614591076404505,0.5563103201914518,0.4809069992832356,0.4406152751540272,0.3220074530310456,0.2453878820076202,0.0937948602344223,1.0,0.15,0.4833948339483395,0.5119926199261993,0.540590405904059,0.5046125461254612,0.2167896678966789,0.507380073800738,0.7542529925104031,0.7536276706005548,#FB4F14,#002244
Jonathan Taylor,Indianapolis Colts,41,0.6906599932851122,0.5914757710527633,0.5191496382199039,0.4800240386412763,0.3624970912947838,0.2842016487429245,0.1201180991317348,0.4769372693726937,0.15,0.4833948339483395,0.5119926199261993,0.15,0.5046125461254612,0.6356088560885609,0.507380073800738,0.7462539880343505,0.8667888100553669,#002C5F,#A2AAAD
Cam Akers,Los Angeles Rams,52,0.6207192909715101,0.5083294848426436,0.4296948139626909,0.3884308257486711,0.270503341251503,0.1977009316380213,0.0651769100722726,0.4769372693726937,1.0,0.4833948339483395,0.5119926199261993,0.15,0.5046125461254612,0.801660516605166,0.507380073800738,0.8314460823266887,0.5761843337723211,#003594,#FFA300
J.K. Dobbins,Baltimore Ravens,55,0.7407162521198256,0.6532102207545666,0.5876481389283055,0.5514691083613249,0.4391565327184294,0.3605123522545905,0.1793127933862066,0.15,0.5387453874538746,0.4833948339483395,1.0,0.540590405904059,0.15,0.4769372693726937,0.15,0.788320442471874,0.5310379990652531,#241773,#9E7C0C
AJ Dillon,Green Bay Packers,62,0.6062851705055066,0.4916396119167044,0.4121550996688594,0.37072418955752,0.2536043634022525,0.1825049471207185,0.0569616544429352,0.4769372693726937,0.15,0.4833948339483395,0.5119926199261993,0.540590405904059,0.5046125461254612,0.4068265682656826,0.507380073800738,0.5936052188960913,0.0867243446396631,#203731,#FFB612
Ke'Shawn Vaughn,Tampa Bay Buccaneers,76,0.5079017785684361,0.3824192366577097,0.3011996179668911,0.2609544168939844,0.1560718473195565,0.0999736028467389,0.0206661749548035,0.4769372693726937,1.0,0.4833948339483395,0.5119926199261993,0.540590405904059,0.15,0.1614391143911439,0.507380073800738,0.4267674198139027,0.0396011289522366,#D50A0A,#FF7900
Zack Moss,Buffalo Bills,86,0.5569224894690847,0.4358287135804432,0.3545945889456177,0.3132665131293717,0.200925636002714,0.136742828845086,0.0350260232368284,1.0,0.15,0.4833948339483395,0.5119926199261993,0.540590405904059,0.5046125461254612,0.8496309963099631,0.507380073800738,0.3181565477564663,0.1367147037756248,#00338D,#C60C30
Trey Sermon,San Francisco 49ers,89,0.5119572515393394,0.3867590256466423,0.3054726593593984,0.2651025008986859,0.1595123983731567,0.1027131563856781,0.0216290733491681,0.15,0.731549815498155,0.4833948339483395,1.0,0.540590405904059,0.5046125461254612,0.7739852398523985,0.507380073800738,0.3303095951286013,0.0665409112811651,#AA0000,#B3995D
Darrynton Evans,Tennessee Titans,93,0.3392490642276703,0.2157084072117736,0.14737319857552,0.1172260116012162,0.0516183712204576,0.0253592978790452,0.0020497200184464,0.4769372693726937,0.5387453874538746,0.4833948339483395,0.5119926199261993,0.540590405904059,0.5046125461254612,0.3367158671586716,0.507380073800738,0.2941604159095291,0.0228940769960818,#0C2340,#4B92DB
Michael Carter,New York Jets,98,0.4179720749258185,0.2900395842547963,0.2132784016898947,0.1773125438905961,0.0914711975272071,0.0515468747190378,0.0067708724189969,0.4769372693726937,0.5387453874538746,0.4833948339483395,0.5119926199261993,0.540590405904059,0.15,0.9142066420664204,0.507380073800738,0.3348867949009512,0.2083008704320482,#125740,#FFFFFF
Joshua Kelley,Los Angeles Chargers,102,0.6000759834656597,0.4845108706755517,0.4047080375533784,0.3632332347971623,0.246546717558201,0.1762291799336686,0.0537010576592701,0.1835793357933579,0.3145756457564576,0.4833948339483395,1.0,0.540590405904059,0.5046125461254612,0.5119926199261993,0.15,0.2690038732476938,0.0348732964517166,#0080C6,#FFC20E
La'Mical Perine,New York Jets,110,0.2968629402061635,0.1784948049975644,0.1163457597254754,0.0899672994789737,0.0358002223277723,0.0161105468414178,0.0009545384898047,1.0,0.5387453874538746,1.0,0.5119926199261993,0.540590405904059,0.5046125461254612,0.15,0.507380073800738,0.3361998941657262,0.0569220038948382,#125740,#FFFFFF
Rhamondre Stevenson,New England Patriots,111,0.4550653535881631,0.3272285429179916,0.24794419499814,0.2098767292470518,0.115485440176161,0.0688213290122541,0.0110176797618427,0.4769372693726937,0.15,0.4833948339483395,1.0,0.540590405904059,0.5046125461254612,0.3367158671586716,0.507380073800738,0.3200328546824534,0.0401259728557755,#002244,#C60C30
Anthony McFarland,Pittsburgh Steelers,114,0.3558420588755387,0.2308301187267031,0.1603807904374406,0.1288689915743108,0.0588388529168728,0.0298285417064423,0.0026943023085118,0.15,0.15,0.4833948339483395,1.0,0.540590405904059,0.5046125461254612,0.2713053967272147,0.507380073800738,0.2882023753360323,0.0365053479086665,#FFB612,#101820
DeeJay Dallas,Seattle Seahawks,134,0.3349888819746131,0.2118751086067379,0.1441110465409229,0.1143248983249378,0.0498605312723151,0.0242930192117886,0.0019066373253295,0.4769372693726937,0.15,0.4833948339483395,0.5119926199261993,0.540590405904059,0.5046125461254612,0.5396678966789668,0.507380073800738,0.1254925623856283,0.0240280595095931,#69BE28,#002244
Kenneth Gainwell,Philadelphia Eagles,134,0.1119061200371647,0.0447143965027942,0.0206660132811437,0.0129983516818577,0.002467201751886,0.0005846020359903,3.5778740861752103e-06,1.0,0.15,0.4833948339483395,0.2352398523985239,0.540590405904059,0.5046125461254612,0.3367158671586716,0.507380073800738,0.0598333649157613,0.0088719547380714,#004C54,#A5ACAF
Jason Huntley,Detroit Lions,155,0.1197193169116662,0.0492079197055531,0.0232902165410625,0.0148597138836457,0.0029686987813805,0.0007353469914139,5.265744814052083e-06,0.4769372693726937,0.5387453874538746,0.15,0.5119926199261993,0.540590405904059,0.5046125461254612,1.0,0.507380073800738,0.0635500954524285,0.0175011269069542,#0076B6,#B0B7BC
Josh Jacobs,Las Vegas Raiders,24,0.7642580630673413,0.6828617647631705,0.6211346432780485,0.5867678949723695,0.4784918394545237,0.4009673962103867,0.2144957324003322,0.4769372693726937,0.15,0.4833948339483395,0.5119926199261993,0.540590405904059,0.5046125461254612,0.4345018450184502,0.507380073800738,0.8593042227405959,0.9239503872393382,#A5ACAF,#000000
Miles Sanders,Philadelphia Eagles,53,0.4957306856817849,0.3694821421232688,0.2885332761944982,0.2487001171549106,0.1460303990991124,0.0920615673463933,0.0179862891717937,0.4769372693726937,1.0,1.0,0.15,0.540590405904059,0.5046125461254612,0.1540590405904059,0.507380073800738,0.6783671811105185,0.3344396930663774,#004C54,#A5ACAF
Darrell Henderson,Los Angeles Rams,70,0.5137450530916066,0.388676748886924,0.3073646925171475,0.2669414272395,0.1610442834692531,0.1039375113804675,0.0220651555435837,1.0,0.3607011070110701,0.4833948339483395,1.0,0.540590405904059,0.15,0.6282287822878229,0.507380073800738,0.4123071307490093,0.0226850580174736,#003594,#FFA300
David Montgomery,Chicago Bears,74,0.5599970201386926,0.4392464910662573,0.3580693574285877,0.3167052183782898,0.2039814819727612,0.1393259205855733,0.0361477900735095,0.4769372693726937,0.15,0.4833948339483395,0.5119926199261993,0.540590405904059,0.5046125461254612,0.4289667896678967,0.507380073800738,0.6664459998331926,0.5695837294314113,#C83803,#0B162A
Devin Singletary,Buffalo Bills,75,0.4807700268369393,0.3537614774717907,0.2732895414874201,0.2340375547098993,0.1342625994035065,0.0829545740656424,0.0150916248315258,0.1891143911439114,0.3339483394833948,1.0,0.5119926199261993,0.540590405904059,1.0,0.6559040590405905,0.507380073800738,0.4978542947618622,0.1795766364541964,#00338D,#C60C30
Damien Harris,New England Patriots,88,0.4344758254208433,0.3064222686806716,0.2284214232707114,0.1914652890241617,0.1017175531997091,0.0587991893089903,0.0084517858124771,1.0,1.0,0.4833948339483395,0.5119926199261993,0.15,0.5046125461254612,0.7610701107011071,0.507380073800738,0.7488868940909976,0.0636354578119019,#002244,#C60C30
Alexander Mattison,Minnesota Vikings,103,0.419461269805936,0.2915069143713514,0.2146262274993949,0.1785674860639312,0.0923675142806414,0.052173833710415,0.0069101773314683,1.0,0.15,0.4833948339483395,0.5119926199261993,0.540590405904059,0.5046125461254612,0.5581180811808117,0.507380073800738,0.4031238968314769,0.2412756594998144,#4F2683,#FFC62F
Bryce Love,Washington Commanders,106,0.3761819887510499,0.2497727265563799,0.1769751342976994,0.1438862171934853,0.0685254302002407,0.0360322389195306,0.0037040678011217,0.4769372693726937,0.15,0.4833948339483395,0.5119926199261993,0.540590405904059,0.5046125461254612,0.3791512915129151,0.507380073800738,0.3571038946624012,0.4384441977893517,#5A1414,#FFB612
Justice Hill,Baltimore Ravens,107,0.2853664831668234,0.1687670563655608,0.1084845290394453,0.0831898696216972,0.0321259960259671,0.0140865183645358,0.0007613304921246,0.15,0.5387453874538746,0.4833948339483395,0.5119926199261993,0.540590405904059,0.5046125461254612,0.4178966789667896,0.507380073800738,0.338912069516025,0.3721120013295691,#241773,#9E7C0C
Benny Snell,Pittsburgh Steelers,116,0.3568287375707534,0.2317387872999174,0.1611693261068787,0.1295785342259049,0.0592872441150703,0.0301106213468507,0.0027373620251599,0.4769372693726937,0.5387453874538746,0.4833948339483395,1.0,0.540590405904059,0.5046125461254612,0.15,0.507380073800738,0.1712589729765097,0.1188295860421033,#FFB612,#101820
Tony Pollard,Dallas Cowboys,122,0.1779668828293042,0.0863632291875243,0.0470048936908718,0.0326160516866564,0.0088028863061219,0.0028297633352097,5.0974611918288525e-05,1.0,0.15,0.4833948339483395,0.5119926199261993,0.540590405904059,0.5046125461254612,0.15,0.507380073800738,0.1747138680312061,0.0540030598913595,#003594,#869397
Ryquell Armstead,Jacksonville Jaguars,130,0.4799818522804888,0.3529388770194632,0.2724964563211062,0.2332773323264721,0.133659975870906,0.0824932051936525,0.0149505014366835,0.2020295202952029,1.0,0.4833948339483395,0.5119926199261993,0.540590405904059,0.5046125461254612,0.15,0.15,0.344135928384391,0.2736678949368672,#006778,#D7A22A
Saquon Barkley,New York Giants,2,0.8238993490606007,0.7596899486320545,0.7095611618203178,0.6810506980835137,0.5879614215835972,0.5176534603709779,0.3298264879355553,0.15,0.15,0.4833948339483395,1.0,0.540590405904059,0.5046125461254612,0.646678966789668,0.507380073800738,0.8304920206261317,0.847754887871708,#0B2265,#A71930
Rashaad Penny,Seattle Seahawks,27,0.6682486949981208,0.564429849288211,0.4896851360126755,0.4496290239568838,0.3311508433278657,0.2540557241749041,0.0994431911518806,0.4769372693726937,0.15,0.4833948339483395,1.0,0.540590405904059,0.5046125461254612,0.15,0.507380073800738,0.5993294357100674,0.3332283509911333,#69BE28,#002244
Sony Michel,New England Patriots,31,0.6573278068982676,0.5513868156799094,0.4755995777388576,0.4351749075973011,0.3165232822024233,0.2402170846855578,0.0904895225594238,0.4769372693726937,0.15,1.0,0.15,0.540590405904059,0.5046125461254612,0.6060885608856088,0.507380073800738,0.7263350184282539,0.6679700862833019,#002244,#C60C30
Nick Chubb,Cleveland Browns,35,0.6515099340330405,0.5444752889317602,0.4681689709376982,0.4275703706495672,0.3089014207227297,0.233066413656524,0.0859983206863576,1.0,0.7481549815498154,0.4833948339483395,0.5119926199261993,0.540590405904059,0.15,0.1909594095940959,0.507380073800738,0.7484170609063505,0.4251127997780232,#FF3C00,#311D00
Ronald Jones,Tampa Bay Buccaneers,38,0.5695871447217948,0.4499577163901285,0.3690025549881618,0.3275508215482288,0.2137024993800349,0.1476043728501379,0.0398390335716425,0.7693726937269373,0.15,0.4833948339483395,0.15,0.540590405904059,0.5046125461254612,1.0,0.507380073800738,0.3349047336131949,0.1051263726935912,#D50A0A,#FF7900
Kerryon Johnson,Detroit Lions,43,0.6060040034930557,0.4913161414272776,0.4118166010538074,0.3703833425408132,0.2532820376735514,0.182217407531598,0.0568105579542162,0.15,1.0,1.0,0.5119926199261993,0.540590405904059,0.5046125461254612,0.2389298892988929,0.507380073800738,0.7562347054703134,0.5976594817841518,#0076B6,#B0B7BC
Derrius Guice,Washington Commanders,59,0.656607665379654,0.5505299058845213,0.4746770482783082,0.4342300074217365,0.3155734359593016,0.2393236843798206,0.0899233221727695,0.15,0.15,0.4833948339483395,1.0,0.540590405904059,1.0,0.7961254612546125,0.507380073800738,0.4663156995927394,0.139155080734746,#5A1414,#FFB612
Royce Freeman,Denver Broncos,71,0.5626727365052167,0.4422273347671407,0.3611053954352963,0.3197130145843652,0.2066648291290255,0.1416018101853424,0.0371480234885326,1.0,0.15,0.4833948339483395,0.5119926199261993,0.540590405904059,0.15,0.2629151291512915,0.507380073800738,0.3858010463492939,0.5186518806169055,#FB4F14,#002244
Nyheim Hines,Indianapolis Colts,100,0.4567223738711443,0.328920458284576,0.2495456093711235,0.2113948804418701,0.1166420417286977,0.0696768889274566,0.0112493883862866,0.4769372693726937,0.15,0.4833948339483395,1.0,0.540590405904059,0.5046125461254612,0.7112546125461254,0.507380073800738,0.2704948810431877,0.0857643426610021,#002C5F,#A2AAAD
Mark Walton,Cincinnati Bengals,108,0.2704513754078533,0.156389817099204,0.0986444524194397,0.0747893076894955,0.0277291344020425,0.0117369543151641,0.0005598553581653,0.15,0.5387453874538746,0.4833948339483395,0.2407749077490775,0.540590405904059,0.5046125461254612,0.4474169741697417,0.507380073800738,0.1812795131607813,0.20122041118192,#FB4F14,#000000
Ito Smith,Atlanta Falcons,122,0.2619841587247924,0.1494885649149113,0.0932403635550955,0.0702176337456474,0.0254133239560088,0.0105341199603159,0.000466631784099,0.15,1.0,0.4833948339483395,0.2130996309963099,0.540590405904059,0.5046125461254612,0.6854243542435424,0.507380073800738,0.1260214221798795,0.0449582401620225,#A71930,#000000
Kalen Ballage,Miami Dolphins,127,0.4179219546145392,0.2899902378605483,0.2132331036131415,0.1772703838995641,0.0914411276435408,0.0515258667743264,0.006766224609294,0.4769372693726937,0.3404059040590406,0.4833948339483395,0.5119926199261993,0.540590405904059,0.5046125461254612,1.0,0.507380073800738,0.2456854843756133,0.1224836864968432,#008E97,#FC4C02
Chase Edmonds,Arizona Cardinals,130,0.1053371691748805,0.0410365221638692,0.0185661292475879,0.0115289784348663,0.0020901292347593,0.0004759439125673,2.5303894474306712e-06,0.7739852398523985,0.15,0.4833948339483395,0.15,0.540590405904059,0.5046125461254612,0.15,0.507380073800738,0.0574802234217556,0.0549780982620478,#97233F,#FFB612
Jaylen Samuels,Pittsburgh Steelers,156,0.1587791766403143,0.0734564685342575,0.0384046674736205,0.0260125510684709,0.006438486878631,0.0019201464708155,2.6524653033556157e-05,0.15,0.753690036900369,0.4833948339483395,0.5119926199261993,0.540590405904059,1.0,0.15,0.507380073800738,0.1003574757220022,0.023028720803072,#FFB612,#101820
Leonard Fournette,Jacksonville Jaguars,4,0.7399838671286494,0.6522940147395071,0.5866193512281711,0.5503883768858727,0.4379670472947182,0.3593021171935603,0.1782999449651812,1.0,1.0,1.0,0.5119926199261993,0.540590405904059,1.0,0.15,0.507380073800738,0.9553938681524168,0.5381421657562916,#006778,#D7A22A
Christian McCaffrey,Carolina Panthers,8,0.6654154881279895,0.5610374529669898,0.486013727772503,0.4458567024140948,0.327315648206548,0.2504129161519394,0.0970530390963434,1.0,1.0,0.4833948339483395,0.15,0.540590405904059,0.5046125461254612,0.8339483394833949,0.507380073800738,0.5605728657033414,0.3627008803501343,#0085CA,#101820
Dalvin Cook,Minnesota Vikings,41,0.719978005197397,0.6274145038694734,0.558821151680539,0.5212735632713325,0.4062622270715179,0.3273399241873926,0.1524028546518256,0.4769372693726937,0.15,0.4833948339483395,1.0,0.540590405904059,0.5046125461254612,0.7241697416974169,0.507380073800738,0.7156784210148118,0.2908392460864779,#4F2683,#FFC62F
Joe Mixon,Cincinnati Bengals,48,0.6540460807304737,0.5474850202342656,0.4714018816173197,0.4308771954487047,0.3122094601911624,0.2361648116829436,0.0879329575597731,0.15,0.320110701107011,0.4833948339483395,1.0,0.540590405904059,0.5046125461254612,0.2057195571955719,0.507380073800738,0.6290328027422512,0.2749905843620572,#FB4F14,#000000
Alvin Kamara,New Orleans Saints,67,0.4308968814117577,0.3028470625672881,0.2250991914948295,0.1883504361032913,0.0994367326960285,0.057168986598666,0.008060811103243,1.0,0.3459409594095941,0.4833948339483395,0.15,0.540590405904059,0.5046125461254612,0.4695571955719557,0.507380073800738,0.4802421702986101,0.1871871537215511,#D3BC8D,#101820
Kareem Hunt,Kansas City Chiefs,86,0.4972110624165266,0.3710486545475021,0.2900612241826842,0.2501750068417545,0.1472291384803429,0.0929994255453762,0.0182960264841686,1.0,0.15,0.4833948339483395,0.5119926199261993,0.540590405904059,0.5046125461254612,0.6226937269372694,0.507380073800738,0.5624319135486495,0.2255691183826577,#E31837,#FFB81C
D'Onta Foreman,Houston Texans,89,0.4210227301456227,0.293047794055955,0.2160434276484192,0.1798880379606,0.0933132973197157,0.0528369771129946,0.0070587742188909,0.4769372693726937,0.15,0.15,0.5119926199261993,0.540590405904059,1.0,0.7850553505535055,0.507380073800738,0.3730073267355365,0.207221093825051,#03202F,#A71930
Samaje Perine,Washington Commanders,103,0.4597705299391898,0.3320395216651128,0.2525031933361679,0.2142017467546598,0.1187888205123256,0.0712702888203449,0.0116861314926448,0.15,1.0,0.4833948339483395,0.5119926199261993,0.540590405904059,0.5046125461254612,0.15,0.507380073800738,0.5681980216585979,0.2658081692593384,#5A1414,#FFB612
James Conner,Pittsburgh Steelers,105,0.5861116166790155,0.4685913644542638,0.3881761955897832,0.3466631713066744,0.2311332480119658,0.1626738877434993,0.0469275669004116,0.4769372693726937,0.3256457564575645,1.0,1.0,0.540590405904059,0.5046125461254612,0.9086715867158672,0.507380073800738,0.5674684328941497,0.0413522521600239,#FFB612,#101820
Tarik Cohen,Chicago Bears,108,0.306700842918933,0.1869456387465627,0.1232622366955688,0.0959758100765861,0.0391476752843573,0.0179986345196461,0.0011504545374004,0.15,0.5387453874538746,0.4833948339483395,0.5119926199261993,0.540590405904059,0.5046125461254612,0.3846863468634686,0.507380073800738,0.2495492398030489,0.4604760323979457,#C83803,#0B162A
Joe Williams,San Francisco 49ers,110,0.3200182366925286,0.1985671181248215,0.1329007369011352,0.1044160527165594,0.0439863405628768,0.0207963941300767,0.0014674800698516,0.4769372693726937,0.15,0.4833948339483395,0.5119926199261993,0.540590405904059,1.0,0.716789667896679,0.507380073800738,0.2001283525387229,0.1366914626929605,#AA0000,#B3995D
Donnel Pumphrey,Philadelphia Eagles,121,0.1758052490821724,0.0848786425464407,0.0459983525613594,0.0318351545180524,0.0085128249647067,0.0027146217909729,4.75295150934293e-05,1.0,0.5387453874538746,0.4833948339483395,0.5119926199261993,0.540590405904059,0.9105166051660516,0.257380073800738,0.507380073800738,0.1450239319040475,0.089818262922283,#004C54,#A5ACAF
Wayne Gallman,New York Giants,129,0.3134613043426655,0.1928193300817354,0.1281156566902117,0.1002163628689439,0.0415592231669941,0.0193832459550958,0.0013034365068128,0.15,0.5387453874538746,0.4833948339483395,0.5119926199261993,0.15,0.5046125461254612,0.8856088560885609,0.507380073800738,0.3924450179877727,0.355469633854397,#0B2265,#A71930
Marlon Mack,Indianapolis Colts,132,0.2336989696887723,0.127117737806286,0.0761581389152027,0.055982696361867,0.0185789507241018,0.0071439066051396,0.0002425797054644,0.4769372693726937,1.0,0.4833948339483395,0.5119926199261993,0.540590405904059,0.5046125461254612,0.2444649446494465,0.507380073800738,0.3651811118261893,0.0833629019170412,#002C5F,#A2AAAD
Brian Hill,Atlanta Falcons,140,0.1446231559933484,0.0643408463418038,0.0325498215571764,0.0216153088410983,0.0049841442828315,0.0013979036222541,1.5538995247039908e-05,0.15,0.5387453874538746,0.4833948339483395,0.15,1.0,0.15,0.4529520295202952,0.507380073800738,0.0767750620167409,0.1032990666995353,#A71930,#000000
Jeremy McNichols,Tampa Bay Buccaneers,146,0.1557185703828854,0.0714555791021581,0.037103182374067,0.0250276730387654,0.0061039014143838,0.0017972165968374,2.3727175898957904e-05,0.15,0.5387453874538746,0.4833948339483395,0.15,0.540590405904059,0.5046125461254612,0.4584870848708486,0.507380073800738,0.0884922070885281,0.1989027071113935,#D50A0A,#FF7900
Ezekiel Elliott,Dallas Cowboys,4,0.7198940766765384,0.6273107326654278,0.5587057717882439,0.5211530731865024,0.406132395910839,0.3272102343956439,0.1523011539179359,1.0,0.5387453874538746,1.0,0.15,0.540590405904059,0.5046125461254612,0.5175276752767528,0.507380073800738,0.8888646903757116,0.732927134503496,#003594,#869397
Derrick Henry,Tennessee Titans,46,0.7239352851962282,0.6323131242368433,0.5642731541585793,0.526970416201608,0.4124138102828693,0.3334961585598402,0.1572621524016054,0.4769372693726937,0.5387453874538746,0.4833948339483395,0.15,0.540590405904059,0.5046125461254612,0.4981549815498155,0.15,0.6710873288860384,0.8196841859155856,#0C2340,#4B92DB
Kenyan Drake,Miami Dolphins,74,0.3502070689565862,0.2256609144366999,0.1559097236428221,0.1248537586056662,0.0563193250725906,0.0282531894753452,0.0024589559827099,0.764760147601476,0.15,0.4833948339483395,0.15,0.540590405904059,0.5046125461254612,0.3367158671586716,0.507380073800738,0.1806451064636038,0.1761494457421112,#008E97,#FC4C02
C.J. Prosise,Seattle Seahawks,91,0.3709877641854083,0.2448935201172259,0.1726698653713223,0.1399732655078868,0.0659623342422223,0.0343688859764335,0.0034205998253282,0.4769372693726937,1.0,0.4833948339483395,0.15,0.540590405904059,1.0,0.857011070110701,0.507380073800738,0.3367055781553953,0.0527149324672636,#69BE28,#002244
Tyler Ervin,Houston Texans,117,0.2631979316593444,0.1504721994649455,0.0940068912051308,0.0708642052188528,0.0257374402566779,0.0107009407198822,0.0004791474223095,0.1780442804428044,1.0,0.4833948339483395,1.0,0.540590405904059,0.5046125461254612,0.75,0.507380073800738,0.1651142798702809,0.0128037353567068,#03202F,#A71930
Kenneth Dixon,Baltimore Ravens,132,0.1448495432987833,0.0644837969091302,0.0326401264709311,0.0216824563389442,0.0050055644547866,0.0014053558140751,1.5678794248486758e-05,0.15,1.0,0.15,0.5119926199261993,0.15,0.15,0.6678966789667897,0.507380073800738,0.1129774913231578,0.014888208297481,#241773,#9E7C0C
DeAndre Washington,Las Vegas Raiders,132,0.3000953685621911,0.1812587427414085,0.1185991077538677,0.0919202697533925,0.0368791558650446,0.0167146692018772,0.0010156057313536,0.15,0.3035055350553505,0.4833948339483395,1.0,0.15,0.5046125461254612,0.5452029520295203,0.507380073800738,0.357132423230514,0.0250087671034735,#A5ACAF,#000000
Devontae Booker,Denver Broncos,134,0.2902731133970871,0.1728991158097216,0.1118103671232136,0.0860502601630789,0.0336632487656933,0.0149269423096845,0.0008393991592709,0.15,1.0,0.4833948339483395,1.0,0.540590405904059,0.5046125461254612,0.15,0.507380073800738,0.2505678948802205,0.0255531476774455,#FB4F14,#002244
Paul Perkins,New York Giants,138,0.2088118252592287,0.1083480240755985,0.0623875388110881,0.0447798151770296,0.0136441165657767,0.004872018119128,0.0001273026734626,0.4769372693726937,0.5387453874538746,0.4833948339483395,1.0,0.540590405904059,0.5046125461254612,0.2278597785977859,0.507380073800738,0.1622739753825056,0.050661779566893,#0B2265,#A71930
Jordan Howard,Chicago Bears,139,0.2711355119887293,0.1569514267549916,0.0990868738285877,0.0751649313106309,0.027921874668195,0.0118381830182161,0.0005680134046251,0.15,0.742619926199262,0.4833948339483395,0.5119926199261993,0.15,0.5046125461254612,0.742619926199262,0.507380073800738,0.5056153757798117,0.06590144788683,#C83803,#0B162A
Wendell Smallwood,Philadelphia Eagles,142,0.2694684725163901,0.1555839906229693,0.0980103326546507,0.0742512800077927,0.0274537061475597,0.0115925900446837,0.0005483041180755,0.4769372693726937,0.5387453874538746,0.4833948339483395,0.5119926199261993,0.540590405904059,0.5046125461254612,0.8856088560885609,0.507380073800738,0.1324385299497029,0.2361449939425425,#004C54,#A5ACAF
Jonathan Williams,Buffalo Bills,145,0.155546992460134,0.0713438929180309,0.0370307997966887,0.0249730184833349,0.0060854793654018,0.0017904941945078,2.357786324479617e-05,1.0,0.5387453874538746,0.15,0.5119926199261993,0.540590405904059,0.5046125461254612,0.8219557195571956,0.507380073800738,0.1354627280528208,0.0467334259824556,#00338D,#C60C30
Todd Gurley,Los Angeles Rams,10,0.7894502364794624,0.7150183620477586,0.657860347380544,0.6257432852950204,0.5229873695528564,0.447698797639828,0.2582673330733204,0.4769372693726937,0.15,0.4833948339483395,0.5119926199261993,0.540590405904059,0.5046125461254612,0.4234317343173431,0.507380073800738,0.9006659530259717,0.943221204052999,#003594,#FFA300
Melvin Gordon,Los Angeles Chargers,15,0.6716892822692364,0.568557610664896,0.4941597849395878,0.4542312349801212,0.3358464529033602,0.2585295715004552,0.1024108589692017,0.15,0.15,0.4833948339483395,0.15,0.540590405904059,0.5046125461254612,0.4640221402214022,0.507380073800738,0.6313518997061747,0.8900046993912102,#0080C6,#FFC20E
T.J. Yeldon,Jacksonville Jaguars,36,0.5979156125747568,0.4820377782255587,0.4021308451904877,0.3606446723856046,0.2441207500159874,0.1740818410669272,0.0526033889394794,1.0,0.5387453874538746,0.4833948339483395,0.15,0.540590405904059,0.5046125461254612,0.1743542435424354,0.507380073800738,0.6547266723455409,0.71508940870109,#006778,#D7A22A
Ameer Abdullah,Detroit Lions,54,0.4751907814874035,0.3479507303808391,0.2676971458524402,0.2286825551260607,0.1300337650724316,0.0797275633385226,0.0141158862245987,0.4769372693726937,0.7223247232472325,0.4833948339483395,0.5119926199261993,0.540590405904059,1.0,0.15,0.507380073800738,0.5539082196328391,0.2645092395217044,#0076B6,#B0B7BC
Tevin Coleman,Atlanta Falcons,73,0.5403079434576756,0.4174965314711938,0.3360731244470999,0.2950060537478318,0.1849149999134011,0.1233654255227737,0.0294491588622278,0.4769372693726937,0.15,0.4833948339483395,0.5119926199261993,0.540590405904059,0.5046125461254612,0.3367158671586716,0.507380073800738,0.7182260348051777,0.6614017698840312,#A71930,#000000
Duke Johnson,Cleveland Browns,77,0.4067705659287526,0.2790729900640517,0.2032590067472223,0.1680136881520307,0.0849059274832431,0.0470001658851772,0.0057954790336742,0.4769372693726937,0.15,0.4833948339483395,0.15,0.15,0.5046125461254612,0.679889298892989,0.507380073800738,0.5691171741653527,0.2798661555710383,#FF3C00,#311D00
David Johnson,Arizona Cardinals,86,0.5829561073033364,0.4650158749173237,0.3844821561278327,0.3429719825316062,0.2277374682275691,0.1597160296710834,0.0454991529059558,0.4769372693726937,0.15,0.4833948339483395,0.5119926199261993,0.540590405904059,0.5046125461254612,0.7029520295202951,0.507380073800738,0.5333228902596145,0.4803349732224716,#97233F,#FFB612
Matt Jones,Washington Commanders,95,0.4308042572242632,0.3027546996932815,0.2250134925510171,0.188270158950993,0.0993781400855292,0.0571272250331917,0.008050894350573,1.0,0.15,0.4833948339483395,0.15,0.540590405904059,0.5046125461254612,0.525830258302583,0.507380073800738,0.3883702175411426,0.1896922529774487,#5A1414,#FFB612
Jeremy Langford,Chicago Bears,103,0.4363817396684298,0.3083312386898759,0.2301992722695158,0.1931343925256925,0.1029456076705609,0.0596805837980624,0.0086662968196575,0.4769372693726937,0.5387453874538746,0.4833948339483395,1.0,0.540590405904059,0.5046125461254612,0.7795202952029521,0.507380073800738,0.2103056946401361,0.1418889723342423,#C83803,#0B162A
Javorius Allen,Baltimore Ravens,122,0.3189124191537804,0.1975942722970433,0.1320883865983465,0.1037017900592638,0.0435708654059579,0.0205531328853644,0.00143867985354,1.0,0.15,0.4833948339483395,0.5119926199261993,0.540590405904059,0.5046125461254612,0.28690036900369,0.507380073800738,0.2323984418868744,0.3013572123925899,#241773,#9E7C0C
Mike Davis,San Francisco 49ers,123,0.4602957238866328,0.3325778097789832,0.2530143137038036,0.2146872202225908,0.1191612227961835,0.0715474033716076,0.0117627761706882,0.4769372693726937,0.15,0.4833948339483395,1.0,0.540590405904059,0.5046125461254612,1.0,0.507380073800738,0.2273773900897168,0.035456487741628,#AA0000,#B3995D
David Cobb,Tennessee Titans,130,0.2457953484603676,0.1365536555627443,0.0832793172156144,0.0618749261241816,0.0213359270204266,0.0084807771221,0.0003238567835819,0.4769372693726937,0.5387453874538746,0.4833948339483395,0.15,0.540590405904059,0.5046125461254612,0.4400369003690036,0.507380073800738,0.2902899245817237,0.1651041864960145,#0C2340,#4B92DB
Jay Ajayi,Miami Dolphins,141,0.304506905469369,0.1850510491919337,0.1217047460974122,0.094619179647015,0.038384661554619,0.0175647284415426,0.0011041204029033,1.0,0.15,0.4833948339483395,1.0,0.540590405904059,0.5046125461254612,0.809040590405904,0.507380073800738,0.0892509400574937,0.0409561420957034,#008E97,#FC4C02
Karlos Williams,Buffalo Bills,147,0.3086873774607496,0.1886660293172738,0.1246799244145664,0.0972124504016217,0.0398468088003682,0.0183979990072959,0.0011937817400849,0.4769372693726937,0.5387453874538746,1.0,0.5119926199261993,0.540590405904059,0.15,0.6171586715867159,0.507380073800738,0.2279488340398032,0.1328748776787044,#00338D,#C60C30
Bishop Sankey,Tennessee Titans,54,0.5975840153898623,0.4816585120340658,0.4017359044752651,0.3602481641425712,0.2437497344710673,0.1737538872660449,0.0524365583027824,0.4769372693726937,0.15,0.4833948339483395,0.5119926199261993,0.540590405904059,0.5046125461254612,0.6116236162361623,0.507380073800738,0.557717305089242,0.648180354366855,#0C2340,#4B92DB
Jeremy Hill,Cincinnati Bengals,55,0.6510925128543887,0.5439803907134648,0.4676377988830058,0.4270273149045549,0.3083590987034538,0.2325592168397731,0.0856832948408154,0.15,1.0,0.4833948339483395,0.5119926199261993,0.540590405904059,0.5046125461254612,0.3367158671586716,0.507380073800738,0.7890409006234889,0.390218536229979,#FB4F14,#000000
Carlos Hyde,San Francisco 49ers,57,0.7536742624486025,0.6694831195451126,0.6059799967177562,0.5707641442568117,0.4605423935805626,0.3824038977176411,0.1980337962472478,0.4769372693726937,0.5387453874538746,0.4833948339483395,1.0,0.540590405904059,0.5046125461254612,0.2112546125461254,1.0,0.643537385668765,0.5523265451618495,#AA0000,#B3995D
Charles Sims,Tampa Bay Buccaneers,69,0.5241113730770355,0.3998513606553904,0.318435482722488,0.2777283714720742,0.1701110239648729,0.1112406637334372,0.0247392423548639,0.4769372693726937,1.0,0.4833948339483395,0.5119926199261993,0.540590405904059,0.5046125461254612,0.294280442804428,0.507380073800738,0.6694818099595601,0.5642655298158294,#D50A0A,#FF7900
Tre Mason,Los Angeles Rams,75,0.4578774231722565,0.3301013539846107,0.2506645522448514,0.2124563372637081,0.1174526026069579,0.0702776908395289,0.0114132711322579,0.4769372693726937,0.5387453874538746,0.4833948339483395,0.5119926199261993,0.540590405904059,0.15,0.8856088560885609,0.507380073800738,0.3058670597505369,0.3326616977623695,#003594,#FFA300
Terrance West,Cleveland Browns,94,0.3888579110093148,0.2617982411496824,0.1876748748694993,0.1536597874382458,0.0750435671376498,0.0403288453165251,0.0044781083888859,0.4769372693726937,1.0,0.4833948339483395,0.224169741697417,0.540590405904059,0.5046125461254612,0.2333948339483395,0.507380073800738,0.4671388583837474,0.083410752195488,#FF3C00,#311D00
Jerick McKinnon,Minnesota Vikings,96,0.3970899465318343,0.2696966400175682,0.1947695808764537,0.1601774452365036,0.0794799691934434,0.0433053531330931,0.0050488277213389,0.4769372693726937,0.5387453874538746,0.4833948339483395,0.5119926199261993,0.540590405904059,0.5046125461254612,0.3367158671586716,0.507380073800738,0.443262466675639,0.2048161030854561,#4F2683,#FFC62F
Dri Archer,Pittsburgh Steelers,97,0.2242220014725954,0.1198662449333331,0.0707736005451905,0.0515706389651773,0.0165855017054303,0.0062061595247558,0.0001913846220791,0.15,0.5387453874538746,0.4833948339483395,0.15,0.540590405904059,1.0,0.5876383763837638,0.507380073800738,0.0676583506584094,0.1077934431397792,#FFB612,#101820
Devonta Freeman,Atlanta Falcons,99,0.2938089987692558,0.1758950388946485,0.1142341481577595,0.0881412691564705,0.034799489108412,0.0155540978619916,0.000899659297802,1.0,1.0,0.4833948339483395,0.5119926199261993,0.540590405904059,1.0,0.2223247232472324,0.507380073800738,0.3033613752435043,0.0904273797811664,#A71930,#000000
Andre Williams,New York Giants,109,0.4440849674343681,0.3160823411503112,0.2374459524868444,0.1999536533102225,0.1080049553347152,0.063338142438009,0.0095796404368537,0.4769372693726937,0.5387453874538746,0.4833948339483395,0.5119926199261993,0.540590405904059,0.5046125461254612,0.8856088560885609,0.507380073800738,0.3572162459322759,0.4954165404010046,#0B2265,#A71930
Ka'Deem Carey,Chicago Bears,113,0.4531024602750194,0.3252276500923469,0.2460529835437457,0.2080853577949056,0.1141247987884688,0.0678174654725955,0.0107483106449289,0.4769372693726937,0.15,0.4833948339483395,1.0,0.540590405904059,0.5046125461254612,0.5710332103321033,0.507380073800738,0.2620179482177922,0.1326653998064822,#C83803,#0B162A
De'Anthony Thomas,Kansas City Chiefs,120,0.1348476916495846,0.058258753381372,0.0287548996506015,0.0188143781153541,0.0041139337434698,0.0011019471040412,1.0408340440828576e-05,1.0,0.5387453874538746,0.4833948339483395,0.5119926199261993,0.540590405904059,0.5046125461254612,0.15,0.507380073800738,0.1456603185580734,0.0912818107931937,#E31837,#FFB81C
James White,New England Patriots,126,0.2231403567744765,0.1190466364207336,0.070169992259025,0.0510784882509404,0.0163670602301612,0.0061049802125012,0.0001861579590266,1.0,1.0,0.4833948339483395,0.5119926199261993,0.540590405904059,0.15,0.15,0.507380073800738,0.1671699250810024,0.0223485259148767,#002244,#C60C30
Lorenzo Taliaferro,Baltimore Ravens,134,0.4286045671922046,0.3005636621188861,0.2229824444752034,0.1863686785747343,0.0979930896478385,0.0561417630012282,0.0078183276961511,0.4769372693726937,0.15,0.4833948339483395,0.5119926199261993,0.540590405904059,0.5046125461254612,1.0,0.507380073800738,0.2081195610608357,0.1976621204319736,#241773,#9E7C0C
Giovani Bernard,Cincinnati Bengals,37,0.4798519610111603,0.3528033666305442,0.2723658521181582,0.2331521652613729,0.1335608286809279,0.0824173457701844,0.0149273491730326,0.4769372693726937,0.5387453874538746,0.15,0.5119926199261993,0.540590405904059,0.5046125461254612,0.4012915129151291,0.507380073800738,0.4410336505523508,0.5754252103370833,#FB4F14,#000000
Le'Veon Bell,Pittsburgh Steelers,48,0.7334265478889442,0.6441078234204072,0.5774432273293584,0.5407590095367582,0.4274082453856702,0.348593855410683,0.169440093643486,0.4769372693726937,0.5387453874538746,0.4833948339483395,0.5119926199261993,0.540590405904059,0.5046125461254612,0.8856088560885609,0.507380073800738,0.7657902013346116,0.893549875973197,#FFB612,#101820
Montee Ball,Denver Broncos,58,0.4452756872889742,0.3172855194959159,0.238574821394658,0.2010182006130609,0.108800797670831,0.063917280957924,0.009727655242231,1.0,0.5387453874538746,0.15,0.15,0.540590405904059,0.5046125461254612,0.8856088560885609,0.507380073800738,0.2617275460274072,0.1847016456349336,#FB4F14,#002244
Eddie Lacy,Green Bay Packers,61,0.666783659999366,0.5626749068366157,0.4877851697634282,0.4476764110791853,0.329164142509181,0.2521674129831178,0.0982012655442666,0.4769372693726937,0.5387453874538746,0.4833948339483395,1.0,0.15,0.5046125461254612,0.816420664206642,0.507380073800738,0.8307321873476239,0.4757066960334782,#203731,#FFB612
Christine Michael,Seattle Seahawks,62,0.4389654531349662,0.3109246742103599,0.2326189539724668,0.1954085444764424,0.104625373212613,0.0608902629966361,0.0089642513604111,0.4769372693726937,1.0,0.15,0.15,0.540590405904059,0.15,0.6743542435424354,0.507380073800738,0.2995601855571335,0.0578569706963457,#69BE28,#002244
Knile Davis,Kansas City Chiefs,98,0.4552594712562688,0.3274266152577962,0.2481315663326771,0.2100542980953289,0.1156205559629465,0.0689211711287786,0.0110446186396962,0.4769372693726937,0.5387453874538746,0.4833948339483395,1.0,0.540590405904059,1.0,0.268450184501845,0.507380073800738,0.4296332264239904,0.1832730266986699,#E31837,#FFB81C
Johnathan Franklin,Green Bay Packers,124,0.3669649316956797,0.241134257014278,0.1693672805444612,0.136979507569229,0.0640197267778606,0.0331184611525867,0.003213578946432,0.15,0.716789667896679,0.4833948339483395,0.5119926199261993,0.540590405904059,0.5046125461254612,1.0,0.507380073800738,0.1761263295215662,0.0884614804675891,#203731,#FFB612
Marcus Lattimore,San Francisco 49ers,130,0.2207748231337109,0.1172599703238297,0.0688577671400056,0.0500103184338042,0.0158957244200792,0.0058877692615747,0.0001751369685807,0.4769372693726937,0.5387453874538746,0.4833948339483395,0.2297047970479704,0.15,0.15,0.6946494464944649,0.507380073800738,0.2262363365894149,0.0386863604823333,#AA0000,#B3995D
Stepfan Taylor,Arizona Cardinals,135,0.2868236206011215,0.1699910848609817,0.1094676475067623,0.0840343249622833,0.0325777581104922,0.0143325193463039,0.0007838611018355,0.4769372693726937,1.0,0.4833948339483395,1.0,0.540590405904059,0.5046125461254612,0.15,0.507380073800738,0.1589839176882199,0.0208090330935083,#97233F,#FFB612
Joseph Randle,Dallas Cowboys,146,0.1060799449253858,0.0414476995411475,0.0187986505040268,0.0116907452884331,0.0021307865656838,0.0004874487170939,2.634276955870034e-06,1.0,0.15,0.4833948339483395,0.5119926199261993,0.540590405904059,0.5046125461254612,0.2813653136531365,0.507380073800738,0.1342229366394793,0.0317816176662239,#003594,#869397
Mike Gillislee,Miami Dolphins,159,0.1213372340736657,0.0501541435813258,0.0238506283052375,0.0152605783454493,0.0030799955950903,0.0007696782327259,5.6864637802188725e-06,0.4769372693726937,0.5387453874538746,0.4833948339483395,0.15,0.540590405904059,0.5046125461254612,1.0,0.507380073800738,0.0382674487978487,0.0350483388078115,#008E97,#FC4C02
Trent Richardson,Cleveland Browns,3,0.7914449640817627,0.7175831309978182,0.6608074951807312,0.628882450600039,0.5266184132346782,0.4515556934475747,0.262026417468151,0.4769372693726937,1.0,0.4833948339483395,0.5119926199261993,0.540590405904059,0.904981549815498,0.7555350553505535,0.507380073800738,0.8965654688400907,0.8570824365285965,#FF3C00,#311D00
Doug Martin,Tampa Bay Buccaneers,31,0.6303071233545751,0.5195061326675748,0.4415210910948867,0.4004187326482222,0.2821137934256466,0.2082749900200456,0.0711561392099007,0.4769372693726937,0.5387453874538746,0.4833948339483395,0.5119926199261993,0.540590405904059,0.5046125461254612,0.15,0.507380073800738,0.7724166355080735,0.7456581923282728,#D50A0A,#FF7900
David Wilson,New York Giants,32,0.5706836905098799,0.4511872937736347,0.3702617839465641,0.3288024521448349,0.2148323741122588,0.1485725297302373,0.0402802093008438,0.4769372693726937,1.0,0.4833948339483395,0.5119926199261993,0.540590405904059,1.0,0.5046125461254612,0.507380073800738,0.5921082779604225,0.6791292026227901,#0B2265,#A71930
Isaiah Pead,Los Angeles Rams,50,0.4992290098558375,0.3731871641124342,0.2921496747727301,0.2521924372624469,0.1488732183237663,0.0942886834757561,0.0187253179507074,0.4769372693726937,0.5387453874538746,0.4833948339483395,0.15,0.540590405904059,0.5046125461254612,0.919741697416974,0.507380073800738,0.6084006271040516,0.6974532534610274,#003594,#FFA300
LaMichael James,San Francisco 49ers,61,0.5310078656169389,0.4073371569194385,0.3258949642150779,0.2850220152712058,0.1763186821428085,0.1162952857978856,0.0266621818415593,0.4769372693726937,0.5387453874538746,0.4833948339483395,0.5119926199261993,0.540590405904059,0.5046125461254612,0.768450184501845,0.507380073800738,0.2949186251727872,0.1598804079835475,#AA0000,#B3995D
Ronnie Hillman,Denver Broncos,68,0.4451032835950605,0.3171112284082532,0.2384112287339081,0.2008638918944526,0.1086853382276211,0.0638331973462907,0.0097061081491602,0.4769372693726937,0.5387453874538746,0.4833948339483395,0.5119926199261993,0.540590405904059,0.5046125461254612,0.3367158671586716,0.507380073800738,0.2743210009283576,0.2773525675981055,#FB4F14,#002244
Bernard Pierce,Baltimore Ravens,85,0.4227665188780669,0.2947714302435533,0.2176309094614786,0.1813684885656945,0.0943767627276703,0.0535845612785563,0.0072278297990058,0.4769372693726937,1.0,0.4833948339483395,0.5119926199261993,0.540590405904059,0.5046125461254612,0.15,0.507380073800738,0.5251281088472376,0.4173875366620524,#241773,#9E7C0C
Lamar Miller,Miami Dolphins,98,0.4961257237033791,0.3698999740072619,0.2889406648327668,0.2490932680790495,0.1463496733964472,0.0923111783819389,0.0180685158586455,0.4769372693726937,1.0,0.4833948339483395,0.5119926199261993,0.540590405904059,0.5046125461254612,1.0,0.507380073800738,0.530571490269614,0.3735432401338689,#008E97,#FC4C02
Robert Turbin,Seattle Seahawks,107,0.3756175895446803,0.2492411822754863,0.1765050932935667,0.1434584501004626,0.0682439169744161,0.0358488069410152,0.0036723584027823,0.4769372693726937,0.5387453874538746,1.0,0.15,0.540590405904059,0.5046125461254612,1.0,0.507380073800738,0.3179334206558391,0.0566172257398226,#69BE28,#002244
Chris Rainey,Pittsburgh Steelers,152,0.0789836862163666,0.0272740126252705,0.0111489348770311,0.0065137269969916,0.0009491489072481,0.0001788565717723,4.865968544570448e-07,1.0,0.5387453874538746,0.4833948339483395,0.15,0.540590405904059,0.5046125461254612,0.3957564575645756,0.507380073800738,0.1175320043003368,0.2380985335500597,#FFB612,#101820
