Player Name,Pick,Year,balance_count,balance_score,security_count,security_score,protection_count,protection_score,vision_count,vision_score,yards_count,yards_score,jobsetting_count,jobsetting_score,Player,St,PB,Survival_Prob_1_seasons,Survival_Prob_2_seasons,Survival_Prob_3_seasons,Survival_Prob_4_seasons,Survival_Prob_5_seasons,Survival_Prob_6_seasons,Survival_Prob_7_seasons
Melvin Gordon,-1.7519481623568984,2015,0.533210332103321,0.6937269372693726,0.3367158671586716,0.4252767527675276,0.5092250922509225,0.0959409594095941,0.8680811808118081,0.03690036900369,0.0,0.4944649446494464,0.0,0.0,Melvin Gordon,7.0,2.0,0.7166622313306188,0.6147279593108281,0.5667489052731374,0.5037349700790631,0.39603828388066387,0.32331283369185454,0.11332019276987539
Todd Gurley,-1.87475460821043,2015,0.3892988929889298,0.1678966789667896,0.6273062730627306,0.959409594095941,0.6457564575645757,0.96309963099631,0.0,0.4630996309963099,0.9298892988929888,0.4944649446494464,0.0,0.0,Todd Gurley,6.0,3.0,0.7174529793965614,0.6157188515795121,0.5678151761655004,0.504879628414993,0.3972543920116555,0.3245234990633262,0.11413994505368329
Tevin Coleman,-0.3273933904559337,2015,0.7121771217712176,0.2822878228782287,0.0,0.4252767527675276,0.481549815498155,0.4234317343173431,0.0,0.4630996309963099,0.9760147601476016,0.0,0.0,0.0,Tevin Coleman,2.0,0.0,0.5864782029064993,0.45869672524507743,0.40271396176458124,0.3334310333209224,0.22681963561599752,0.1638871157307458,0.030566717319240978
Ameer Abdullah,-0.7940578846993532,2015,0.2583025830258302,0.9464944649446494,0.4501845018450184,0.4252767527675276,0.6180811808118081,0.7177121771217712,0.9760147601476016,0.4630996309963099,0.0,0.4944649446494464,0.0,0.0,Ameer Abdullah,2.0,0.0,0.6483990358535306,0.5311176246554061,0.47785323454525647,0.4099452261334691,0.29982883675508115,0.23029494209445267,0.058906708831926655
Jay Ajayi,1.342774273152094,2015,0.029520295202952,0.7610701107011071,0.911439114391144,0.7942804428044281,0.970479704797048,0.9280442804428044,0.0,0.4630996309963099,0.0,0.4944649446494464,0.0,0.0,Jay Ajayi,2.0,1.0,0.33263638128527717,0.2003659758215173,0.15318663481627195,0.10377614236362544,0.04687626813650826,0.023978945003547993,0.0007507589177319993
Duke Johnson,-0.2291482337731086,2015,0.8523985239852399,0.2011070110701107,0.0,0.4252767527675276,0.4446494464944649,0.007380073800738,0.6734317343173432,0.0,0.0,0.4944649446494464,0.0,0.0,Duke Johnson,0.0,0.0,0.48849715769455104,0.35121629218819017,0.2949039614690399,0.22887715039380943,0.13644464719396188,0.08820066026100823,0.009254250877258516
T.J. Yeldon,-1.2361610897720663,2015,0.8579335793357934,0.5756457564575646,0.0,0.4252767527675276,0.4326568265682656,0.4234317343173431,0.0,0.4630996309963099,0.0,0.4944649446494464,0.0,0.0,T.J. Yeldon,2.0,0.0,0.6452473121684988,0.5273512870172603,0.47390102219954056,0.40585440993732114,0.29579439581094585,0.2265229407486735,0.057060181211243746
David Cobb,1.0726000922743246,2015,0.4575645756457565,0.6346863468634686,0.7822878228782287,0.4252767527675276,0.5350553505535055,0.4234317343173431,0.0,0.4630996309963099,0.0,0.4944649446494464,0.0,0.0,David Cobb,0.0,0.0,0.3322658702536448,0.200040098982505,0.1528959205506927,0.10353836551817094,0.04673124453373106,0.023888540790494683,0.0007453099013573209
Mike Davis,0.9006710680793807,2015,0.2933579335793358,0.3634686346863468,0.8680811808118081,0.71309963099631,0.5166051660516605,1.0,0.0,0.4630996309963099,0.0,0.4944649446494464,0.0,0.0,Mike Davis,2.0,0.0,0.4116245033092843,0.27350714526880326,0.22026030323599216,0.1608976824995731,0.08476455885231436,0.04936776943998615,0.00302206884242059
Javorius Allen,0.8761097789086744,2015,0.6697416974169741,0.4317343173431734,0.0,0.4252767527675276,0.0,0.4234317343173431,0.8726937269372693,0.4630996309963099,0.0,0.4944649446494464,0.0,0.0,Javorius Allen,0.0,0.0,0.3354805040265999,0.20287303742955762,0.15542581396277833,0.10561070893203457,0.04799910503916696,0.02468095742326261,0.000793721862474668
David Johnson,-0.008096631236752,2015,1.0,0.9594095940959408,0.0,0.4252767527675276,0.0,0.4234317343173431,0.0,0.4630996309963099,0.0,0.4944649446494464,0.0,0.0,David Johnson,1.0,0.0,0.49461593075559074,0.35765998015895134,0.3012277438460159,0.2348169384826947,0.14124944052441016,0.09200138989467652,0.01003867353712665
Matt Jones,0.2129549712996046,2015,0.4197416974169741,0.0636531365313653,0.6088560885608856,0.4252767527675276,0.6992619926199262,0.9474169741697416,0.6559040590405903,0.8837638376383763,0.0,0.4944649446494464,0.0,0.0,Matt Jones,1.0,0.0,0.46541141707897826,0.3272405126395482,0.27154668843584456,0.20717047369831992,0.1192618592509732,0.07485357853681956,0.006744001997959621
Jeremy Langford,0.4094452846652549,2015,0.1826568265682656,0.268450184501845,0.3800738007380073,0.077490774907749,0.933579335793358,0.9178966789667896,0.0,0.4630996309963099,0.948339483394834,0.0129151291512915,0.0,0.0,Jeremy Langford,0.0,0.0,0.5897432050316436,0.46243114037495575,0.406542765393614,0.33726291276157294,0.23034778612800147,0.16700003442616815,0.031696260447664264
Karlos Williams,1.4901420081763317,2015,1.0,0.3468634686346863,0.0,0.4252767527675276,0.0,0.4234317343173431,0.0,0.4630996309963099,0.0,0.4944649446494464,0.0,0.0,Karlos Williams,0.0,0.0,0.23756865657319526,0.12255281036918325,0.08631041441724656,0.051906565933520395,0.01838795251579966,0.007662767553254376,8.318315475585859e-05
Ezekiel Elliott,-2.022122343234668,2016,0.3154981549815497,0.838560885608856,0.6549815498154982,0.9317343173431734,0.7785977859778598,0.7297047970479704,0.0,0.4630996309963099,0.0,0.4944649446494464,0.0,0.0,Ezekiel Elliott,7.0,3.0,0.7450800320597964,0.6506522540376758,0.6055864535182733,0.545710800345587,0.4412566694976876,0.36886053026632026,0.1461144765970818
Derrick Henry,-0.9905481980650036,2016,0.4280442804428044,0.018450184501845,0.7988929889298892,0.4252767527675276,0.0,0.4234317343173431,0.8210332103321033,0.9132841328413284,0.0,0.4944649446494464,0.0,0.0,Derrick Henry,6.0,5.0,0.5742938308808685,0.44484525025089394,0.3885581045732984,0.31932985538338904,0.21395923200357658,0.15263089518407771,0.026647321625255994
Jordan Howard,1.293651694810681,2016,0.2527675276752767,0.3579335793357934,0.3256457564575645,0.4252767527675276,0.753690036900369,0.0904059040590405,0.7970479704797048,0.007380073800738,0.9870848708487084,0.007380073800738,0.0,0.0,Jordan Howard,3.0,1.0,0.3562366752532677,0.22146353452060918,0.1721711873431375,0.11950033375893102,0.056717642633693145,0.030249947160183137,0.0011751024954500672
Devontae Booker,1.17084524895715,2016,0.5793357933579335,0.5867158671586716,0.0,0.4252767527675276,0.7416974169741697,0.8957564575645756,0.0,0.4630996309963099,0.0,0.4944649446494464,0.0,0.0,Devontae Booker,0.0,0.0,0.36002719023520735,0.22491363788493937,0.1753053930806197,0.1221322019650338,0.05841146545317848,0.03135479375289134,0.0012592747632315959
Kenneth Dixon,1.1217226706157373,2016,0.7232472324723247,0.3062730627306272,0.4446494464944649,0.4252767527675276,0.4870848708487084,0.8505535055350553,0.0,0.4630996309963099,0.9538745387453874,0.4944649446494464,0.0,0.0,Kenneth Dixon,0.0,0.0,0.3382826939311449,0.20535272749017933,0.1576450972179698,0.10743439637289598,0.049122085950766135,0.025386667295047956,0.0008380700290617113
Paul Perkins,1.269090405639975,2016,0.5977859778597786,0.6300738007380073,0.6226937269372694,0.4252767527675276,0.5424354243542435,0.1328413284132841,0.0,0.4630996309963099,0.0,0.4944649446494464,0.0,0.0,Paul Perkins,0.0,0.0,0.25137680301103543,0.13309411259577497,0.09503502811210619,0.05830737199953125,0.02151542444341406,0.009279931804468766,0.000120339407087885
C.J. Prosise,0.1147098146167794,2016,0.1328413284132841,0.6494464944649446,0.96309963099631,0.948339483394834,0.3450184501845018,0.4234317343173431,0.0,0.4630996309963099,0.0,0.4944649446494464,0.0,0.0,C.J. Prosise,0.0,0.0,0.43601828971185336,0.2974999804467104,0.24297044602067594,0.1811394499209162,0.0994787747761452,0.06000492303904657,0.004402831362770196
Jonathan Williams,1.441019429834919,2016,0.2084870848708487,0.8099630996309963,0.7878228782287823,0.8154981549815499,0.5562730627306274,0.96309963099631,0.915129151291513,0.9012915129151292,0.0,0.4944649446494464,0.0,0.0,Jonathan Williams,0.0,0.0,0.2676505440059194,0.14586391927623674,0.10575914932141932,0.0663431433271574,0.025614876759816486,0.011478317336372501,0.0001813313996154205
Kenyan Drake,-0.3028321012852275,2016,0.6900369003690037,0.8939114391143912,0.753690036900369,0.9095940959409594,0.0,0.4234317343173431,0.0,0.4630996309963099,0.0,0.4944649446494464,0.0,0.0,Kenyan Drake,2.0,0.0,0.5105900476662257,0.3746552468410653,0.31799744312465644,0.25069283066640796,0.15430005684605008,0.10246619202111282,0.0123567308020323
Tyler Ervin,0.753303333055143,2016,0.047970479704797,0.3136531365313653,0.6734317343173432,0.4252767527675276,0.9649446494464944,0.051660516605166,0.0,0.4630996309963099,0.0,0.4944649446494464,0.0,0.0,Tyler Ervin,0.0,0.0,0.30243301042520115,0.17435924707455017,0.13024406043377657,0.08531170274559531,0.035976230856731635,0.01736665137271529,0.0004029865239892576
Wendell Smallwood,1.3673355623228,2016,0.2398523985239852,0.268450184501845,0.0,0.4252767527675276,0.92619926199262,0.7666051660516604,0.0,0.4630996309963099,0.0,0.4944649446494464,0.0,0.0,Wendell Smallwood,1.0,0.0,0.2938354229448464,0.16716749115100074,0.12399655153070474,0.08039499797154984,0.033204185022927046,0.015749451482778176,0.0003337523956502606
DeAndre Washington,1.1217226706157373,2016,0.5202952029520296,0.7970479704797048,0.0,0.4252767527675276,0.0,0.4234317343173431,0.9501845018450183,0.8653136531365313,0.0,0.4944649446494464,0.0,0.0,DeAndre Washington,0.0,0.0,0.26035217435760866,0.14009139098330908,0.10089107284874738,0.0626733459768383,0.02371974103458922,0.010451620236398063,0.00015135383182951598
Leonard Fournette,-2.022122343234668,2017,0.8265682656826567,0.7047970479704797,0.0,0.4252767527675276,0.0,0.4234317343173431,0.746309963099631,0.4630996309963099,0.0,0.4944649446494464,0.0,0.0,Leonard Fournette,5.0,0.0,0.7386051617883974,0.6424105813521319,0.5966440081640647,0.5359948307221072,0.4306777930378554,0.3581087192488156,0.13801212155323286
Dalvin Cook,-1.113354643918535,2017,0.6143911439114391,0.6549815498154982,0.7666051660516604,0.8044280442804428,0.466789667896679,0.4234317343173431,0.0,0.4630996309963099,0.0,0.4944649446494464,0.0,0.0,Dalvin Cook,5.0,4.0,0.6199766451462473,0.49746048860963626,0.4427044942194017,0.37381605628445297,0.2646976288284082,0.19783609265297453,0.04394651368021677
Alvin Kamara,-0.4747611254801714,2017,0.2214022140221402,0.7177121771217712,0.9012915129151292,0.1236162361623616,0.503690036900369,0.985239852398524,0.0,0.4630996309963099,0.0,0.4944649446494464,0.0,0.0,Alvin Kamara,6.0,5.0,0.672617912927315,0.560339404797077,0.508674226322292,0.4420847711568762,0.33201061133076193,0.26077264050763965,0.0748618694582468
Christian McCaffrey,-1.9238771865518425,2017,0.7527675276752768,0.4243542435424354,0.6623616236162362,0.1005535055350553,0.4022140221402214,0.4234317343173431,0.7343173431734318,0.0461254612546125,0.0,0.4944649446494464,0.0,0.0,Christian McCaffrey,5.0,3.0,0.7839542424980013,0.7008236504941606,0.660425307283733,0.6059329800338633,0.5082776537187403,0.4382515909179012,0.20373393606727588
Joe Mixon,-0.941425619723591,2017,0.5387453874538746,0.1476014760147601,0.0,0.4252767527675276,0.6771217712177122,0.0830258302583025,0.7583025830258303,0.4630996309963099,0.0,0.4944649446494464,0.0,0.0,Joe Mixon,6.0,2.0,0.5440762359624525,0.41107775417468784,0.35436026589058883,0.28570873276029696,0.1841052537756403,0.127081277750527,0.018716313946416596
D'Onta Foreman,0.0655872362753668,2017,0.8634686346863468,0.3800738007380073,0.4234317343173431,0.8819188191881919,0.4206642066420664,0.0276752767527675,0.0,0.4630996309963099,0.0,0.4944649446494464,0.0,0.0,D'Onta Foreman,1.0,0.0,0.3586103608248089,0.22362208081557777,0.17413114621075224,0.1211450047355019,0.057774607042830224,0.030938549185805683,0.0012272342622685064
Kareem Hunt,-0.008096631236752,2017,0.5498154981549815,0.4372693726937269,0.0,0.4252767527675276,0.4547970479704797,0.9225092250922508,0.9095940959409594,0.4630996309963099,0.0,0.4944649446494464,0.0,0.0,Kareem Hunt,3.0,1.0,0.5431320610222886,0.4100362701661333,0.3533127595602639,0.2846891700341513,0.18321835762571637,0.12633538066337033,0.01850503687717077
Marlon Mack,1.1217226706157373,2017,0.503690036900369,0.6715867158671587,0.544280442804428,0.4252767527675276,0.7066420664206642,0.4234317343173431,0.0,0.4630996309963099,0.0,0.4944649446494464,0.0,0.0,Marlon Mack,2.0,0.0,0.3156809831398303,0.18562602619212976,0.1401178575587462,0.09318188851449266,0.040530494355130245,0.020082673802481465,0.0005333219395869247
Jeremy McNichols,1.4655807190056254,2017,0.3025830258302583,0.4944649446494464,0.5608856088560885,0.9538745387453874,0.8440959409594095,0.7509225092250922,0.0,0.4630996309963099,0.0,0.4944649446494464,0.0,0.0,Jeremy McNichols,0.0,0.0,0.2488531606513122,0.13114712104035897,0.09341459588088354,0.05710894914972597,0.020920243116992948,0.008967944457680142,0.0001126590306702507
Samaje Perine,0.4094452846652549,2017,0.3782287822878228,0.4188191881918819,0.8773062730627306,0.0710332103321033,0.0,0.4234317343173431,0.0,0.4630996309963099,0.0,0.4944649446494464,0.0,0.0,Samaje Perine,1.0,0.0,0.47654651264563075,0.33873817091045655,0.2827133139885113,0.2175015922092354,0.1273649665004564,0.08109879554696507,0.00787105724341425
Tarik Cohen,0.5322517305187864,2017,0.7638376383763837,0.2315498154981549,0.6439114391143912,0.7749077490774907,0.0,0.4234317343173431,0.0,0.4630996309963099,0.0,0.4944649446494464,0.0,0.0,Tarik Cohen,2.0,1.0,0.36589782389057535,0.23029011588739431,0.1802055806332245,0.12626656574137765,0.06109815396383254,0.03312164576294211,0.0013996974662865073
James Conner,0.4585678630066674,2017,0.481549815498155,0.2195571955719557,0.0,0.4252767527675276,0.7970479704797048,0.8560885608856088,0.0,0.4630996309963099,0.0,0.4944649446494464,0.0,0.0,James Conner,6.0,2.0,0.4510181927935218,0.31256556940728925,0.257389445003645,0.19419914121859308,0.10928752875784661,0.06729347492830853,0.0054921772718158155
Wayne Gallman,1.0480388031036183,2017,0.6273062730627306,0.6660516605166051,0.0,0.4252767527675276,0.566420664206642,0.4234317343173431,0.7269372693726937,0.4630996309963099,0.959409594095941,0.4944649446494464,0.0,0.0,Wayne Gallman,1.0,0.0,0.28103677354261575,0.15664039704056723,0.11493275626402745,0.07335345080515226,0.029337281987614598,0.013542963616327676,0.0002494639673324459
Brian Hill,1.3182129839813876,2017,0.4981549815498155,0.3523985239852398,0.5811808118081181,0.4252767527675276,0.6706642066420665,0.4234317343173431,0.0,0.4630996309963099,0.0,0.4944649446494464,0.0,0.0,Brian Hill,0.0,0.0,0.2743956529304977,0.15126374701227494,0.1103421707855883,0.06983028149904837,0.027450125666988977,0.012488580875210844,0.00021336510222180505
Joe Williams,0.5813743088601989,2017,0.7398523985239852,0.488929889298893,0.0,0.4252767527675276,0.3837638376383764,0.96309963099631,0.8081180811808117,0.0175276752767527,0.9086715867158672,1.0,0.0,0.0,Joe Williams,0.0,0.0,0.37733161055181164,0.24087562163462503,0.18990894997117388,0.13452203164832943,0.0665551507637281,0.0367623994603276,0.0017115111634453063
Donnel Pumphrey,0.8515484897379682,2017,0.3671586715867159,0.7453874538745388,0.5350553505535055,0.4252767527675276,0.8274907749077491,0.0571955719557195,0.6918819188191881,0.8948339483394834,0.0,0.4944649446494464,0.0,0.0,Donnel Pumphrey,0.0,0.0,0.24783024910055837,0.13036052514972413,0.09276106715884974,0.05662683460020193,0.02068203510853023,0.008843619241573059,0.00010966644141415472
Saquon Barkley,-2.0712449215760804,2018,0.7693726937269372,0.6134686346863469,0.0,0.4252767527675276,0.5498154981549815,0.93450184501845,0.679889298892989,0.4630996309963099,0.0,0.4944649446494464,0.0,0.0,Saquon Barkley,6.0,3.0,0.7826657887804872,0.6991420145961688,0.658576316262554,0.6038850196836845,0.5059585053919186,0.435815161097886,0.20155526746668578
Derrius Guice,-0.6712514388458218,2018,0.6623616236162362,0.8745387453874538,0.6162361623616236,0.4252767527675276,0.4271217712177121,0.0350553505535055,0.7804428044280443,0.9059040590405903,0.0,0.4944649446494464,0.0,0.0,Derrius Guice,0.0,0.0,0.4933480836327449,0.3563217766732076,0.29991286455130156,0.23357975110494078,0.1402451043871541,0.09120455561061266,0.009871672296420995
Ronald Jones,-1.187038511430654,2018,0.1780442804428044,0.2887453874538745,0.8099630996309963,0.7241697416974169,0.8643911439114391,0.82380073800738,0.0,0.4630996309963099,0.0,0.4944649446494464,0.0,0.0,Ronald Jones,2.0,0.0,0.6704463242684735,0.5576991449091159,0.5058782140728242,0.4391520628563499,0.3290389643811805,0.2579301398640697,0.07329614542519777
Sony Michel,-1.358967535625598,2018,0.5608856088560885,0.8634686346863468,0.0,0.4252767527675276,0.0,0.4234317343173431,0.8440959409594095,0.93450184501845,0.981549815498155,0.4944649446494464,0.0,0.0,Sony Michel,2.0,0.0,0.6009153482373796,0.4752814655688638,0.4197571578027579,0.35054517218741077,0.24268565890050728,0.17796731087770806,0.03583276484698815
Kerryon Johnson,-1.0642320655771225,2018,0.7177121771217712,0.5018450184501845,0.4289667896678967,0.0507380073800738,0.4760147601476014,0.7232472324723247,0.8025830258302582,0.0461254612546125,0.0,0.4944649446494464,0.0,0.0,Kerryon Johnson,1.0,0.0,0.7330542397681792,0.6353714058460953,0.589021453048134,0.527736735797733,0.42173895887221435,0.3490686910952036,0.13137210534117502
Rashaad Penny,-1.457212692308423,2018,0.1974169741697417,0.8985239852398523,0.5295202952029521,0.4252767527675276,0.9206642066420664,0.8284132841328413,0.0,0.4630996309963099,0.0,0.4944649446494464,0.0,0.0,Rashaad Penny,0.0,0.0,0.7314438905737921,0.6333338883762455,0.5868176979359526,0.5253533580976631,0.41916818988065224,0.34647654206626444,0.12949723150925208
Nick Chubb,-1.2607223789427728,2018,0.6199261992619927,0.448339483394834,0.0,0.4252767527675276,0.0,0.4234317343173431,0.8966789667896679,0.0313653136531365,0.0,0.4944649446494464,0.0,0.0,Nick Chubb,5.0,4.0,0.6895710588842218,0.5810858921295735,0.5307205025717762,0.46532500561640694,0.35580185030448336,0.28372785402150286,0.08808883164705607
Royce Freeman,-0.3765159687973463,2018,0.544280442804428,0.3394833948339483,0.5940959409594095,0.8099630996309963,0.0,0.4234317343173431,0.8487084870848709,0.8837638376383763,0.0,0.4944649446494464,0.0,0.0,Royce Freeman,0.0,0.0,0.45373792578499506,0.3153222399028089,0.26004055878721977,0.1966171610039408,0.1111296419306165,0.06867875126381306,0.005712295842296507
Nyheim Hines,0.335761417153136,2018,0.5719557195571956,0.8274907749077491,0.716789667896679,0.9206642066420664,0.5276752767527675,0.8671586715867159,0.0,0.4630996309963099,0.0,0.4944649446494464,0.0,0.0,Nyheim Hines,0.0,0.0,0.469616875343084,0.33156818254960896,0.2757421923613271,0.21104191485894191,0.12228215939009311,0.07717084737999402,0.007152409935837364
Kalen Ballage,0.998916224762206,2018,0.584870848708487,0.8173431734317343,0.5018450184501845,0.4252767527675276,0.0,0.4234317343173431,0.8846863468634687,0.055350553505535,0.0,0.4944649446494464,0.0,0.0,Kalen Ballage,1.0,0.0,0.4013746511016732,0.263617380365803,0.21099410197456087,0.1527599103839941,0.07902544257989236,0.04532384535465591,0.0025628586146665116
Chase Edmonds,1.0726000922743246,2018,0.4520295202952029,0.4547970479704797,0.838560885608856,0.062730627306273,0.492619926199262,0.9741697416974168,0.7214022140221402,0.4630996309963099,0.0,0.4944649446494464,0.0,0.0,Chase Edmonds,1.0,0.0,0.4537889240582649,0.3153740036587929,0.2600903775782998,0.1966626487387378,0.11116437224396818,0.06870491719999461,0.005716493637821082
Jaylen Samuels,1.7111936107126882,2018,0.2269372693726937,0.1365313653136531,0.8837638376383763,0.1180811808118081,0.6346863468634686,0.8819188191881919,0.7398523985239852,0.4630996309963099,0.0,0.4944649446494464,0.0,0.0,Jaylen Samuels,0.0,0.0,0.31953032723594205,0.18894116541449124,0.14304251748342367,0.09553563787371926,0.04191951400207646,0.02092480750045109,0.0005772896728458513
Mark Walton,0.5322517305187864,2018,0.7749077490774907,0.5424354243542435,0.6328413284132841,0.8228782287822878,0.3616236162361623,0.9916974169741696,0.6872693726937269,0.871771217712177,0.0,0.4944649446494464,0.0,0.0,Mark Walton,0.0,0.0,0.40483678067615464,0.26694502825271904,0.21410556435824307,0.15548435132731298,0.08093518345123446,0.046662582485729354,0.002710845714079611
Ito Smith,0.8761097789086744,2018,1.0,0.7297047970479704,0.0,0.4252767527675276,0.0,0.4234317343173431,0.0,0.4630996309963099,0.0,0.4944649446494464,0.0,0.0,Ito Smith,0.0,0.0,0.3472916021168894,0.21338881969028584,0.16486783174536465,0.11340629618325297,0.052845991196132515,0.027751881384386088,0.000995148125110135
Josh Jacobs,-1.530896559820542,2019,0.1512915129151291,0.6180811808118081,0.7942804428044281,0.8773062730627306,0.8966789667896679,0.0719557195571955,0.7047970479704797,0.9843173431734316,0.0,0.4944649446494464,0.0,0.0,Josh Jacobs,6.0,3.0,0.5599506531013055,0.42871230912160646,0.3721633551706352,0.3031314296574043,0.19943050427648745,0.14009203801425316,0.022586940082064723
David Montgomery,-0.3028321012852275,2019,0.3948339483394834,0.4437269372693727,0.7343173431734318,0.7702952029520296,0.6586715867158671,0.4234317343173431,0.0,0.4630996309963099,0.0,0.4944649446494464,0.0,0.0,David Montgomery,5.0,0.0,0.4995755612124109,0.36290999954346065,0.3063941715070077,0.23968892266683456,0.14522247219468057,0.09516567874007972,0.010715149209785519
Miles Sanders,-0.8186191738700596,2019,0.4409594095940959,0.224169741697417,0.0,0.4252767527675276,0.746309963099631,0.4234317343173431,0.7749077490774907,0.9677121771217712,0.0,0.4944649446494464,0.0,0.0,Miles Sanders,4.0,1.0,0.5175754475122959,0.3821649528742333,0.3254483995753972,0.2578031783952082,0.1602408629479271,0.10729555276123137,0.013504415033460459
Damien Harris,0.0410259471046605,2019,1.0,0.1854243542435424,0.0,0.4252767527675276,0.0,0.4234317343173431,0.0,0.4630996309963099,0.0,0.4944649446494464,0.0,0.0,Damien Harris,3.0,0.0,0.45758276545447885,0.3192322923471669,0.26380752709733674,0.20006172630404598,0.11376754377127912,0.07067122248685488,0.006036192588022226
Darrell Henderson,-0.4010772579680526,2019,0.3210332103321033,0.4132841328413283,0.0,0.4252767527675276,0.584870848708487,0.0,0.904059040590406,0.0719557195571955,0.9132841328413284,0.4944649446494464,0.0,0.0,Darrell Henderson,1.0,0.0,0.4836566622993103,0.34614500567979756,0.2899406334469306,0.224233662611475,0.13271874363015537,0.08527342930036312,0.008671077983457709
Ryquell Armstead,1.0726000922743246,2019,0.5904059040590406,0.5811808118081181,0.0,0.4252767527675276,0.7297047970479704,0.1125461254612546,0.0,0.4630996309963099,0.0,0.4944649446494464,0.0,0.0,Ryquell Armstead,0.0,0.0,0.25357540017492425,0.13479768756867924,0.09645612401239931,0.059361870923873544,0.022042691892340212,0.009557904939792953,0.0001273876260617498
Bryce Love,0.4831291521773738,2019,0.3726937269372693,0.6881918819188192,0.0,0.4252767527675276,0.8487084870848709,0.7785977859778598,0.0,0.4630996309963099,0.0,0.4944649446494464,0.0,0.0,Bryce Love,0.0,0.0,0.4527556491989466,0.31432574235627453,0.25908176997350946,0.19574207836569055,0.11046205726384814,0.06817613934175257,0.00563195013429843
Alexander Mattison,0.4094452846652549,2019,0.3487084870848708,0.940959409594096,0.6678966789667897,0.92619926199262,0.7610701107011071,0.4234317343173431,0.0,0.4630996309963099,0.0,0.4944649446494464,0.0,0.0,Alexander Mattison,1.0,0.0,0.38806375142071176,0.2509469390225244,0.1992073944204925,0.1425156602688919,0.07195233495081374,0.04042822618482878,0.0020558426712238794
Devin Singletary,-0.2782708121145211,2019,0.6964944649446494,0.6236162361623616,0.4963099630996309,0.4252767527675276,0.0,0.4234317343173431,0.8321033210332103,0.8551660516605166,0.0,0.4944649446494464,0.0,0.0,Devin Singletary,5.0,0.0,0.4905341531398685,0.35335735154897285,0.2970030476831188,0.2308458722995747,0.1380323902575489,0.08945341851327243,0.009509409334844279
Justice Hill,0.5076904413480801,2019,0.6512915129151291,0.007380073800738,0.0,0.4252767527675276,0.5608856088560885,0.4234317343173431,0.78690036900369,0.066420664206642,0.0,0.4944649446494464,0.0,0.0,Justice Hill,0.0,0.0,0.42130199004871094,0.28294937469676046,0.22915959587086016,0.16878046419560744,0.09042186675444422,0.05341324046252407,0.003517787052771831
Tony Pollard,0.8761097789086744,2019,0.1107011070110701,0.1623616236162361,0.4068265682656826,0.4252767527675276,0.9566420664206642,0.9391143911439114,0.0,0.4630996309963099,0.0,0.4944649446494464,0.0,0.0,Tony Pollard,2.0,1.0,0.40800587270616717,0.27000253410184005,0.2169701528613449,0.15799990536997005,0.08270896026311333,0.047912225434900355,0.002852589719378544
Benny Snell,0.7287420438844366,2019,0.6383763837638377,0.1900369003690037,0.0,0.4252767527675276,0.0,0.4234317343173431,0.8929889298892989,0.9529520295202952,0.0,0.4944649446494464,0.0,0.0,Benny Snell,0.0,0.0,0.28634142257301126,0.1609773426283674,0.11865491015127203,0.076231698818666,0.030902841806644227,0.014429058822500547,0.00028189570097899663
D'Andre Swift,-1.2607223789427728,2020,0.4464944649446494,0.7001845018450183,0.0,0.4252767527675276,0.8321033210332103,0.8957564575645756,0.0,0.4630996309963099,0.0,0.4944649446494464,0.0,0.0,D'Andre Swift,2.0,1.0,0.7019542626637364,0.5963893741414066,0.5470674972116006,0.48268763948484744,0.3738513940045951,0.3013701666753491,0.09895648751093014
Jonathan Taylor,-1.113354643918535,2020,0.4095940959409594,0.2472324723247232,0.6808118081180812,0.4252767527675276,0.0,0.4234317343173431,0.8892988929889298,0.4630996309963099,0.0,0.4944649446494464,0.0,0.0,Jonathan Taylor,4.0,2.0,0.6424143553881145,0.5239731001069554,0.4703601237023243,0.4021953402061995,0.2921978136534414,0.22316979914459625,0.05544248547045084
Cam Akers,-0.8431804630407658,2020,0.6568265682656826,0.0719557195571955,0.6494464944649446,0.7564575645756457,0.0,0.4234317343173431,0.7702952029520296,0.4630996309963099,0.0,0.4944649446494464,0.0,0.0,Cam Akers,1.0,0.0,0.5705964472775673,0.4406685451518997,0.38430394028449305,0.3151127469633599,0.21015134081802547,0.14932594538152388,0.025545767760037544
Clyde Edwards-Helaire,-1.3344062464548916,2020,1.0,0.6014760147601476,0.3874538745387453,0.4252767527675276,0.0,0.4234317343173431,0.0,0.4630996309963099,0.0,0.4944649446494464,0.0,0.0,Clyde Edwards-Helaire,1.0,0.0,0.6717793331306223,0.5593193771189554,0.507593764485996,0.44095108821855067,0.3308610535524654,0.2596723782104609,0.07425392604428245
J.K. Dobbins,-0.7694965955286469,2020,0.6420664206642066,0.71309963099631,0.3634686346863468,0.018450184501845,0.6881918819188192,0.7730627306273062,0.0,0.4630996309963099,0.0,0.4944649446494464,0.0,0.0,J.K. Dobbins,1.0,0.0,0.6753571390763236,0.5636754117072581,0.5122101751771747,0.4457983836828614,0.3357834611540691,0.2643895563724989,0.07687718730812758
Zack Moss,-0.008096631236752,2020,1.0,0.0535055350553505,0.3533210332103321,0.4252767527675276,0.0,0.4234317343173431,0.0,0.4630996309963099,0.0,0.4944649446494464,0.0,0.0,Zack Moss,1.0,0.0,0.47179621379657594,0.33381789404709467,0.2779268213959292,0.2130626601150203,0.12386640122164379,0.07839136940753146,0.007372165873466823
Darrynton Evans,0.163832392958192,2020,0.1918819188191882,0.7546125461254612,0.7269372693726937,0.4252767527675276,0.7915129151291513,0.4234317343173431,0.8274907749077491,0.9677121771217712,0.0,0.4944649446494464,0.0,0.0,Darrynton Evans,0.0,0.0,0.4106328992465044,0.2725453686250246,0.21935667649683774,0.1601009186235051,0.08419805267539962,0.04896585323080741,0.002974800390637821
AJ Dillon,-0.597567571333703,2020,0.8044280442804428,0.3966789667896678,0.0,0.4252767527675276,0.0,0.4234317343173431,0.0,0.4630996309963099,0.9252767527675276,0.4944649446494464,0.0,0.0,AJ Dillon,0.0,0.0,0.5340673657527707,0.40007987069859696,0.343321348867542,0.2749960315921231,0.174842488292917,0.11933051734675842,0.01657731885567684
DeeJay Dallas,1.17084524895715,2020,0.0830258302583025,0.1761992619926199,0.9428044280442804,0.0,0.838560885608856,0.4234317343173431,0.0,0.4630996309963099,0.0,0.4944649446494464,0.0,0.0,DeeJay Dallas,0.0,0.0,0.3466153453371078,0.21278221785351367,0.16432101757397896,0.11295224635870253,0.05256038914737461,0.027569153663912386,0.0009825504663117854
La'Mical Perine,0.5813743088601989,2020,0.7066420664206642,0.4833948339483395,0.4640221402214022,0.8957564575645756,0.6070110701107011,0.7343173431734318,0.0,0.4630996309963099,0.0,0.4944649446494464,0.0,0.0,La'Mical Perine,0.0,0.0,0.3901135196840002,0.25288523695423587,0.20100418919052904,0.1440693817244583,0.07301396072127107,0.04115655928947396,0.002127865602113097
Anthony McFarland,0.6796194655430241,2020,0.4317343173431734,0.0018450184501845,0.0,0.4252767527675276,0.0,0.4234317343173431,0.970479704797048,0.4630996309963099,0.0,0.4944649446494464,0.0,0.0,Anthony McFarland,0.0,0.0,0.3496032191460575,0.2154664445685985,0.1667426465289274,0.11496542677642073,0.05382974980206843,0.028382939667979615,0.0010392485646792476
Ke'Shawn Vaughn,-0.2537095229438149,2020,1.0,0.0987084870848708,0.0,0.4252767527675276,0.0,0.4234317343173431,0.0,0.4630996309963099,0.0,0.4944649446494464,0.0,0.0,Ke'Shawn Vaughn,0.0,0.0,0.49919372533296846,0.36250495052676557,0.30599512490412734,0.23931200671737532,0.14491408324222055,0.09491937869164543,0.01066173213554678
Joshua Kelley,0.3848839954945486,2020,0.7343173431734318,0.040590405904059,0.0,0.4252767527675276,0.5904059040590406,0.8108856088560885,0.0,0.4630996309963099,0.0,0.4944649446494464,0.0,0.0,Joshua Kelley,0.0,0.0,0.45111353511424923,0.31266207744431307,0.25748219186846066,0.19428364656956648,0.10935177221866023,0.06734170073165419,0.005499770307136393
Jason Huntley,1.6866323215419818,2020,0.3837638376383764,0.8514760147601477,0.4907749077490775,0.4252767527675276,0.7370848708487086,0.4234317343173431,0.0,0.4630996309963099,0.9428044280442804,0.4944649446494464,0.0,0.0,Jason Huntley,0.0,0.0,0.20733838270138577,0.10045981106872627,0.06844064095786555,0.039224797422101595,0.012594877586885996,0.004831124943631181,3.41731115201542e-05
Breece Hall,-1.2361610897720663,2022,0.7933579335793358,0.5904059040590406,0.540590405904059,0.4252767527675276,0.0,0.4234317343173431,0.0,0.4630996309963099,0.0,0.4944649446494464,0.0,0.0,Breece Hall,2.0,0.0,0.6638559674528468,0.5497105835001594,0.49743189144678707,0.4303132850333584,0.320125012402232,0.2494374441516018,0.06871315191988671
Kenneth Walker III,-1.113354643918535,2022,0.3634686346863468,0.4981549815498154,0.8062730627306273,0.4252767527675276,0.4723247232472324,0.014760147601476,0.8118081180811808,0.9095940959409594,0.0,0.4944649446494464,0.0,0.0,Kenneth Walker III,3.0,0.0,0.5465268047308014,0.4137847680521412,0.3570850042445983,0.28836371241924114,0.18641997129370702,0.12903170295479302,0.01927423186144251
Zamir White,0.6550581763723178,2022,0.3247232472324723,0.1808118081180811,0.0,0.4252767527675276,0.8726937269372693,0.96309963099631,0.0,0.4630996309963099,0.0,0.4944649446494464,0.0,0.0,Zamir White,0.0,0.0,0.43454272378314546,0.2960306765250476,0.24157062112009647,0.17987998720637333,0.09854560596112898,0.059319451551839326,0.004306349772394797
Isaiah Spiller,0.6796194655430241,2022,0.0977859778597786,0.3357933579335793,0.0,0.4252767527675276,0.3745387453874532,0.7380073800738007,1.0,0.8745387453874542,0.0,0.4944649446494464,0.0,0.0,Isaiah Spiller,0.0,0.0,0.3544395075947974,0.21983365129199062,0.17069336520475675,0.11826280575343516,0.055925686678394974,0.029735831760839843,0.001136891358147976
Brian Robinson,0.2866388388117235,2022,0.3118081180811808,0.7490774907749076,0.8726937269372693,0.7970479704797048,0.496309963099631,0.8597785977859779,0.0,0.4630996309963099,0.0,0.4944649446494464,0.0,0.0,Brian Robinson,3.0,0.0,0.49146836257678195,0.3543406583070469,0.2979677905826982,0.23175167000981212,0.13876450124367215,0.09003213380250935,0.009628408434525504
Dameon Pierce,0.2866388388117235,2022,0.4003690036900368,0.4280442804428044,0.8025830258302582,0.4252767527675276,0.5811808118081181,0.8671586715867159,0.0,0.4630996309963099,0.0,0.4944649446494464,0.0,0.0,Dameon Pierce,1.0,0.0,0.5155833318958098,0.3800185267807107,0.3233162477269733,0.25576500789123974,0.1585319886327046,0.10590230024259192,0.013168277544412074
Tyrion Davis-Price,0.163832392958192,2022,0.2121771217712177,0.8210332103321033,0.7619926199261993,0.4252767527675276,0.4704797047970479,0.4234317343173431,0.9723247232472324,0.9446494464944648,0.0,0.4944649446494464,0.0,0.0,Tyrion Davis-Price,0.0,0.0,0.4215059875805235,0.2831494982034289,0.22934875531109936,0.16894871668791794,0.0905436470393343,0.05350094795897917,0.00352893534030276
James Cook,-0.5730062821629966,2022,1.0,0.1254612546125461,0.0,0.4252767527675276,0.0,0.4234317343173431,0.0,0.4630996309963099,0.0,0.4944649446494464,0.0,0.0,James Cook,2.0,2.0,0.5469210625524614,0.414220806740104,0.3575241769116755,0.28879203588951813,0.18679410347899666,0.12934745392987168,0.019365294099114805
Pierre Strong,0.7778646222258493,2022,0.2970479704797047,0.1328413284132841,0.6586715867158671,0.8708487084870848,0.8228782287822878,0.4234317343173431,0.0,0.4630996309963099,0.0,0.4944649446494464,0.0,0.0,Pierre Strong,0.0,0.0,0.3026912648193561,0.17457674665988662,0.13043368367206098,0.08546171267093539,0.0360617078410559,0.017416964670142275,0.0004052410788102011
Kyren Williams,1.539264586517744,2022,0.044280442804428,0.6383763837638377,0.977859778597786,0.8007380073800737,0.9298892988929888,0.8957564575645756,0.0,0.4630996309963099,0.0,0.4944649446494464,0.0,0.0,Kyren Williams,2.0,1.0,0.2939672497728456,0.16727703951197623,0.12409138516408748,0.08046925343898581,0.033245618448916284,0.015773412376929016,0.00033473231085254956
Rachaad White,0.1147098146167794,2022,0.6365313653136531,0.8007380073800737,0.8044280442804428,0.059040590405904,0.0,0.4234317343173431,0.0,0.4630996309963099,0.0,0.4944649446494464,0.0,0.0,Rachaad White,2.0,0.0,0.5335657514981439,0.3995311692248599,0.3427719149847299,0.2744646811500508,0.17438630160882415,0.11895107728682633,0.016475814608623508
Tyler Allgeier,1.2199678272985623,2022,0.5645756457564576,0.970479704797048,0.0,0.4252767527675276,0.6494464944649446,0.4234317343173431,0.0,0.4630996309963099,0.9391143911439114,0.4944649446494464,0.0,0.0,Tyler Allgeier,0.0,0.0,0.26593326809192414,0.1444990642205754,0.10460518812748996,0.0654699951475267,0.0251605525356493,0.011230618663532373,0.00017386066665995586
Ty Chandler,1.6620710323712755,2022,0.5239852398523985,0.1918819188191882,0.4538745387453873,0.4252767527675276,0.7638376383763837,0.4234317343173431,0.0,0.4630996309963099,0.0,0.4944649446494464,0.0,0.0,Ty Chandler,0.0,0.0,0.21226603033117644,0.10396589271139145,0.07123621188228635,0.04116768238156613,0.013444813214498186,0.005231442156989591,3.984362995366515e-05
Snoop Conner,1.293651694810681,2022,0.1033210332103321,0.915129151291513,0.9538745387453876,0.8265682656826568,0.5387453874538746,0.4234317343173431,0.0,0.4630996309963099,0.0,0.4944649446494464,0.0,0.0,Snoop Conner,0.0,0.0,0.2712562320389885,0.1487427711171268,0.10819906963613847,0.06819581414629242,0.026585816124466827,0.012010891536084594,0.0001979058966305737
Jerome Ford,1.342774273152094,2022,0.5756457564575646,0.8136531365313653,0.6845018450184501,0.4252767527675276,0.5313653136531366,0.4234317343173431,0.6955719557195572,0.4630996309963099,0.0,0.4944649446494464,0.0,0.0,Jerome Ford,1.0,0.0,0.29359484389232987,0.1669676278132606,0.12382356093061343,0.0802595753623919,0.0331286558251163,0.015705789903225287,0.0003319703494859081
Hassan Haskins,0.8761097789086744,2022,0.7435424354243543,0.2859778597785978,0.6771217712177277,0.4252767527675276,0.4059040590405904,0.4234317343173431,0.0,0.4630996309963099,0.0,0.4944649446494464,0.0,0.0,Hassan Haskins,0.0,0.0,0.3476571427983344,0.2137169360384981,0.16516371666694063,0.11365211610781843,0.05300078203116515,0.027851006808344292,0.0010020143773207897
Bijan Robinson,-1.9238771865518425,2023,0.6789667896678967,0.522140221402214,0.7638376383763837,0.8726937269372693,0.0,0.4234317343173431,0.6697416974169742,0.9271217712177122,0.0,0.4944649446494464,0.0,0.0,Bijan Robinson,2.0,1.0,0.6674985973443954,0.5541215388760574,0.5020930879718017,0.43518724342531295,0.32503256283003445,0.2541067544125789,0.07121526599651701
Jahmyr Gibbs,-1.8256320298690172,2023,0.3985239852398524,0.088560885608856,0.8505535055350554,0.8284132841328413,0.4981549815498154,0.0424354243542435,0.0,0.4630996309963099,0.0,0.4944649446494464,0.0,0.0,Jahmyr Gibbs,0.0,2.0,0.6438090881138419,0.5256354072379581,0.47210202150901054,0.4039946589224192,0.2939649766865184,0.2248162259807779,0.05623399154219115
Israel Abanikanda,1.2199678272985623,2023,0.0682656826568265,0.4575645756457565,0.0,0.4252767527675276,0.959409594095941,0.0867158671586715,0.9575645756457564,0.4630996309963099,0.8911439114391143,0.4944649446494464,0.0,0.0,Israel Abanikanda,0.0,0.0,0.1960466189870413,0.0925703344994057,0.062210146581143794,0.03495453402106708,0.010778966633563722,0.003995951645776164,2.369855944239795e-05
De'Von Achane,-0.0326579204074582,2023,0.2619926199261992,0.8413284132841329,0.8468634686346863,0.7988929889298895,0.7564575645756457,0.1180811808118081,0.0,0.4630996309963099,0.0,0.4944649446494464,0.0,0.0,De'Von Achane,1.0,0.0,0.42596189617623254,0.28753189554543485,0.2334966321365512,0.17264535593881428,0.09322994475789513,0.05544217377044269,0.003780023771271803
Zach Charbonnet,-0.8186191738700596,2023,0.6457564575645763,0.5922509225092251,0.7380073800738007,0.4252767527675276,0.3579335793357919,0.040590405904059,0.7435424354243543,0.4630996309963099,0.0,0.4944649446494464,0.0,0.0,Zach Charbonnet,0.0,0.0,0.5626152868286585,0.43169520764878966,0.3751870145835499,0.3061079417613162,0.20208023833083016,0.14236438023654632,0.023298799846879593
Tyjae Spears,-0.1063417879195771,2023,0.2361623616236162,0.9372693726937276,0.5756457564575646,0.4252767527675276,0.874538745387454,0.7453874538745388,0.0,0.4630996309963099,0.0,0.4944649446494464,0.0,0.0,Tyjae Spears,0.0,0.0,0.5625288131363432,0.4315983031633074,0.3750887309345066,0.30601111209765725,0.20199389638151766,0.14229023226795118,0.023275403592560476
Tank Bigsby,0.0655872362753668,2023,0.8487084870848708,0.5461254612546126,0.3302583025830258,0.4252767527675276,0.4483394833948339,0.1162361623616236,0.0,0.4630996309963099,0.0,0.4944649446494464,0.0,0.0,Tank Bigsby,0.0,0.0,0.4255351614851718,0.28711128267169117,0.23309806724446686,0.1722895538424464,0.09297050279490691,0.055254149981557324,0.0037553405059981672
Chase Brown,1.7111936107126882,2023,0.6808118081180812,0.9501845018450183,0.4022140221402214,0.029520295202952,0.3929889298892988,0.4234317343173431,0.8634686346863468,0.9446494464944648,0.8892988929889298,0.4944649446494464,0.0,0.0,Chase Brown,0.0,0.0,0.19325364183940452,0.09065052249467354,0.06070712261300396,0.03393729511788141,0.010357417514011463,0.0038062688427566815,2.1576973593716038e-05
Kendre Miller,-0.35195467962664,2023,0.7785977859778598,0.9077490774907748,0.0,0.4252767527675276,0.5129151291512957,0.7472324723247232,0.7306273062730627,0.9529520295202952,0.0,0.4944649446494464,0.0,0.0,Kendre Miller,0.0,0.0,0.526043076593048,0.39133088799606697,0.33457578202911237,0.2665594168594996,0.16763609419876147,0.11336213895652461,0.01501552607521633
Roschon Johnson,0.5568130196894926,2023,1.0,0.2047970479704796,0.3284132841328413,0.4252767527675276,0.0,0.4234317343173431,0.0,0.4630996309963099,0.0,0.4944649446494464,0.0,0.0,Roschon Johnson,0.0,0.0,0.388440544574329,0.25130288857105865,0.19953718510085075,0.14280061918736928,0.07214673888419948,0.040561422890838396,0.002068924916228902
Jonathon Brooks,-0.9905481980650036,2024,0.6236162361623616,0.7084870848708487,0.0,0.4252767527675276,0.6918819188191881,0.4234317343173431,0.0,0.4630996309963099,0.0,0.4944649446494464,0.0,0.0,Jonathon Brooks,0.0,0.0,0.6159318594457105,0.49272750886916966,0.43779294106502437,0.3688137162878959,0.2599242042000085,0.19349555930710735,0.042106024479628704
Jaylen Wright,0.7287420438844366,2024,0.3450184501845018,0.559040590405904,0.577490774907749,0.4252767527675276,0.7878228782287823,0.4234317343173431,0.0,0.4630996309963099,0.0,0.4944649446494464,0.0,0.0,Jaylen Wright,0.0,0.0,0.37360900815067605,0.23741274997110737,0.1867266569525554,0.13180471035553712,0.06474560615563678,0.035547592561436366,0.0016041163091977217
Trey Benson,-0.4993224146508778,2024,1.0,0.8782287822878229,0.3302583025830277,0.0276752767527675,0.0,0.4234317343173431,0.0,0.4630996309963099,0.0,0.4944649446494464,0.0,0.0,Trey Benson,0.0,0.0,0.6097750274707613,0.4855505837842814,0.43036027526072884,0.36126582382868955,0.25276466728449587,0.18701805432119636,0.03942998302352656
MarShawn Lloyd,0.0655872362753668,2024,0.1476014760147601,0.9520295202952028,0.9520295202952028,0.07380073800738,0.0,0.4234317343173431,0.0,0.4630996309963099,0.0,0.4944649446494464,1.0,1.0,MarShawn Lloyd,0.0,0.0,0.21829993448716337,0.10831036944597133,0.0747221365756428,0.04361256527929799,0.014534468004273401,0.005752800080212741,4.7854712905439325e-05
Tyrone Tracy Jr.,1.7848774782248071,2024,1.0,0.0571955719557195,0.0,0.4252767527675276,0.0,0.4234317343173431,0.0,0.4630996309963099,0.0,0.4944649446494464,0.0,0.0,Tyrone Tracy Jr.,1.0,0.0,0.18554054900547817,0.08541522155245404,0.05663564776257152,0.031208239643073378,0.009248513501873449,0.0033154868398498063,1.6533802267919746e-05
Ray Davis,0.925232357250087,2024,0.8782287822878229,0.044280442804428,0.0,0.4252767527675276,0.3726937269372694,0.4234317343173431,0.0,0.4630996309963099,0.0,0.4944649446494464,0.0,0.0,Ray Davis,0.0,0.0,0.30771984913362493,0.17882876410193596,0.13414860713419027,0.08840963613929613,0.037752069251270684,0.01841724873415525,0.0004513194151840827
Will Shipley,0.9006710680793807,2024,1.0,0.1014760147601476,0.0,0.4252767527675276,0.0,0.4234317343173431,0.0,0.4630996309963099,0.0,0.4944649446494464,0.0,0.0,Will Shipley,0.0,0.0,0.3185594189090288,0.18810325392421656,0.14230248530601952,0.09493911176235628,0.04156633731205006,0.020710095810377662,0.0005659203764792961
Blake Corum,-0.0817804987488708,2024,0.2490774907749077,0.3099630996309963,0.9206642066420664,0.1088560885608856,0.0,0.4234317343173431,0.0,0.4630996309963099,0.8929889298892989,0.4944649446494464,0.0,0.0,Blake Corum,0.0,0.0,0.5173579314273143,0.3819304025245187,0.3252153114932906,0.25758022911868844,0.16005370276609757,0.10714280088063169,0.01346736288722812
Isaac Guerendo,0.9497936464207932,2024,1.0,0.7859778597785977,0.0,0.4252767527675276,0.0,0.4234317343173431,0.0,0.4630996309963099,0.0,0.4944649446494464,0.0,0.0,Isaac Guerendo,0.0,0.0,0.33783484073355974,0.2049557796181201,0.157289532804613,0.107141852104042,0.04894149094735423,0.025272936052525827,0.0008308444941893728
Braelon Allen,1.0726000922743246,2024,0.5940959409594095,0.2509225092250922,0.3837638376383763,0.8690036900369005,0.7214022140221402,0.9916974169741696,0.0,0.4630996309963099,0.0,0.4944649446494464,0.0,0.0,Braelon Allen,0.0,0.0,0.3422834563652432,0.2089094632085773,0.1608361297884277,0.11006595385628822,0.05075433594537099,0.02641871561656138,0.0009050133099591785
Audric Estimé,1.3182129839813876,2024,0.7915129151291515,0.3339483394833948,0.0,0.4252767527675276,0.5,0.4234317343173431,0.0,0.4630996309963099,0.0,0.4944649446494464,0.0,0.0,Audric Estimé,0.0,0.0,0.25672137061880285,0.13724717753548765,0.09850470534295175,0.06088765848115271,0.022811436642004017,0.009965793378040629,0.0001380790983015977
Rasheen Ali,1.7603161890541008,2024,0.8468634686346863,0.8542435424354242,0.0,0.4252767527675276,0.4501845018450184,0.0313653136531365,0.0,0.4630996309963099,0.0,0.4944649446494464,0.0,0.0,Rasheen Ali,0.0,0.0,0.15895621825796513,0.06814662727479426,0.043512767213205975,0.02270047563814176,0.006016531787404118,0.0019629986091802684,6.017182830289333e-06
Bucky Irving,0.8515484897379682,2024,0.1014760147601476,0.7509225092250923,0.8653136531365314,0.4252767527675276,0.9169741697416974,0.4234317343173431,0.0,0.4630996309963099,0.0,0.4944649446494464,0.0,0.0,Bucky Irving,0.0,0.0,0.3699177952118076,0.23399473117545042,0.18359317530594754,0.1291384441764394,0.06298273456844021,0.03437124824010051,0.001503318576803433
Sione Vaki,1.0234775139329122,2024,0.1070110701107011,0.1789667896678966,0.8800738007380073,0.4252767527675276,0.8763837638376384,0.4234317343173431,0.0,0.4630996309963099,0.0,0.4944649446494464,0.0,0.0,Sione Vaki,0.0,0.0,0.32100548360834197,0.19021649713065358,0.14416992504444137,0.09644565116352519,0.0424597833510117,0.02125402761273058,0.0005949337143593955
Ashton Jeanty,-1.9729997648932551,2025,0.1881918819188192,0.0756457564575645,0.922509225092251,0.8191881918819188,0.4630996309963099,0.4234317343173431,0.6826568265682657,0.4630996309963099,0.0,0.4944649446494464,0.0,0.0,0,0.0,0.0,0.7065116041766688,0.6020529433858993,0.55313513364576,0.48915988746073197,0.38063863863070885,0.3080532002143613,0.10323195313909345
TreVeyon Henderson,-1.187038511430654,2025,0.2988929889298893,0.3431734317343173,0.7785977859778598,0.066420664206642,0.0,0.4234317343173431,0.9003690036900369,0.0461254612546125,0.0,0.4944649446494464,0.0,0.0,0,0.0,0.0,0.7217976483126254,0.6211721560385063,0.5736884405208162,0.5111926498551648,0.40397881882707243,0.33123243803495656,0.11873416206434186
Omarion Hampton,-1.5800191381619544,2025,1.0,0.2970479704797048,0.0,0.4252767527675276,0.0,0.4234317343173431,0.0,0.4630996309963099,0.0,0.4944649446494464,0.0,0.0,0,0.0,0.0,0.681598915929687,0.5713003285481014,0.5203051901042696,0.4543201360768202,0.34448278933492793,0.27276317755664425,0.08164172591160634
Dylan Sampson,0.8269872005672618,2025,0.1863468634686347,0.9723247232472324,0.8339483394833949,0.4252767527675276,0.0,0.4234317343173431,0.9797047970479704,0.9271217712177122,0.0,0.4944649446494464,0.0,0.0,0,0.0,0.0,0.3330973737559444,0.20077166754056835,0.15354866217154314,0.10407237754704317,0.047057109458611406,0.02409176296019315,0.0007575856993966044
Quinshon Judkins,-1.2361610897720663,2025,0.3376383763837638,0.9169741697416974,0.584870848708487,0.4252767527675276,0.4298892988929889,0.066420664206642,0.9538745387453876,0.011070110701107,0.0,0.4944649446494464,0.0,0.0,0,0.0,0.0,0.6720212537837303,0.5596135832575944,0.5079053678794303,0.4412779891394426,0.3311924257806508,0.2599894547255148,0.07442887999349224
Bhayshul Tuten,0.2866388388117235,2025,0.6476014760147601,0.8228782287822878,0.0,0.4252767527675276,0.6734317343173432,0.4234317343173431,0.0,0.4630996309963099,0.0,0.4944649446494464,0.0,0.0,0,0.0,0.0,0.43569239781462366,0.2971752742440469,0.24266099461460638,0.18086089759724658,0.09927219145651416,0.05985305265083999,0.0043813665286735635
Kaleb Johnson,-0.0817804987488708,2025,0.8856088560885609,0.1881918819188192,0.0,0.4252767527675276,0.3653136531365313,0.4234317343173431,0.0,0.4630996309963099,0.0,0.4944649446494464,0.0,0.0,0,0.0,0.0,0.4720469362525557,0.33407702009919815,0.2781786093986837,0.2132957722599736,0.12404949882718813,0.0785326517578674,0.007397810587427582
Jordan James,1.244529116469269,2025,1.0,0.1531365313653136,0.0,0.4252767527675276,0.0,0.4234317343173431,0.0,0.4630996309963099,0.0,0.4944649446494464,0.0,0.0,0,0.0,0.0,0.2671705015364265,0.14548198423525419,0.10543604743168003,0.06609846701867346,0.025487351805904692,0.01140869249952055,0.00017921618724785497
Cam Skattebo,0.3112001279824297,2025,0.4132841328413284,0.5719557195571956,0.8634686346863468,0.4252767527675276,0.3487084870848708,0.7988929889298917,0.0,0.4630996309963099,0.0,0.4944649446494464,0.0,0.0,0,0.0,0.0,0.5119323454582457,0.37609464383541247,0.31942366312848164,0.2520512030318145,0.15543048600212586,0.10338204501307163,0.0125706090669806
Trevor Etienne,0.5322517305187864,2025,0.566420664206642,0.9243542435424346,0.8487084870848709,0.7785977859778598,0.0,0.4234317343173431,0.0,0.4630996309963099,0.0,0.4944649446494464,0.0,0.0,0,0.0,0.0,0.40001172380574757,0.2623110096870834,0.2097743889573617,0.1516941787350687,0.07828163410035192,0.04480433746960875,0.002506508848764171
Woody Marks,0.5813743088601989,2025,0.0996309963099631,0.7933579335793358,0.7306273062730628,0.4252767527675276,0.5461254612546125,0.014760147601476,0.9981549815498156,0.955719557195572,0.0,0.4944649446494464,0.0,0.0,0,0.0,0.0,0.28667832732922854,0.1612540462773769,0.118892962852106,0.07641642375622783,0.03100403727680584,0.014486679252314274,0.00028407066040798045
Jarquez Hunter,0.6059355980309052,2025,0.1051660516605166,0.6402214022140221,0.3154981549815498,0.7656826568265681,0.9612546125461254,0.0682656826568266,0.0,0.4630996309963099,0.0,0.4944649446494464,0.0,0.0,0,0.0,0.0,0.2921294808180622,0.16575189318481628,0.12277203476567534,0.07943725316418572,0.032670983820169815,0.015441688590056265,0.00032128902980390483
Jaydon Blue,1.3182129839813876,2025,0.8007380073800737,0.1512915129151291,0.5387453874538746,0.4252767527675276,0.3560885608856088,0.0387453874538745,0.0,0.4630996309963099,0.0,0.4944649446494464,0.0,0.0,0,0.0,0.0,0.2125088357075448,0.10413962981921432,0.07137515532377846,0.041264664948085054,0.01348761477703491,0.005251751589501914,4.014246883805365e-05
DJ Giddens,1.3673355623228,2025,0.6660516605166051,0.1715867158671586,0.7767527675276753,0.4252767527675276,0.0,0.4234317343173431,0.6678966789667896,0.4630996309963099,0.0,0.4944649446494464,0.0,0.0,0,0.0,0.0,0.27471069780879925,0.15151746682214873,0.11055819220072968,0.06999540140161319,0.02753783952893634,0.012537245016112338,0.00021497139284761026
Trent Richardson,-2.046683632405374,2011,0.8745387453874538,0.5627306273062731,0.4326568265682656,0.9843173431734316,0.0,0.4234317343173431,0.0,0.4630996309963099,0.0,0.4944649446494464,0.0,0.0,Trent Richardson,3.0,0.0,0.7079248801747826,0.6038126968896723,0.5550223829131822,0.49117599938493367,0.38275933508821175,0.3101467155370757,0.10458917950585421
Lamar Miller,0.2866388388117235,2011,1.0,0.8874538745387454,0.0,0.4252767527675276,0.0,0.4234317343173431,0.0,0.4630996309963099,0.0,0.4944649446494464,0.0,0.0,Lamar Miller,6.0,1.0,0.4467029477082016,0.30820741532147244,0.25320614307963546,0.19039416816766191,0.10640507922077448,0.06513613187138577,0.005157679423814051
David Wilson,-1.3344062464548916,2011,0.1162361623616236,0.466789667896679,0.8597785977859778,0.8607011070110702,0.8911439114391144,0.4234317343173431,0.0,0.4630996309963099,0.0,0.4944649446494464,0.0,0.0,David Wilson,0.0,0.0,0.6352659308490723,0.515479394530817,0.46147419707171355,0.39303809630376396,0.28324732956727855,0.21486452538136194,0.05153222806263254
Isaiah Pead,-0.8923030413821784,2011,0.3413284132841329,0.5498154981549815,0.8302583025830258,0.4252767527675276,0.6300738007380073,0.4234317343173431,0.0,0.4630996309963099,0.0,0.4944649446494464,0.0,0.0,Isaiah Pead,0.0,0.0,0.6218526168507462,0.4996604822162722,0.4449901555368606,0.3761479051091022,0.2669304556172272,0.1998723418034136,0.044822988559564965
LaMichael James,-0.6221288605044092,2011,0.0,0.268450184501845,0.0,0.4252767527675276,1.0,0.7952029520295203,0.0,0.4630996309963099,0.0,0.4944649446494464,0.0,0.0,LaMichael James,0.0,0.0,0.5985310781914704,0.47252973868758213,0.41692239214257576,0.3476884358620135,0.2400179634776296,0.1755853867200494,0.03491362815703892
Ronnie Hillman,-0.4501998363094652,2011,0.0129151291512915,0.9843173431734316,0.9686346863468634,0.834870848708487,0.9870848708487084,0.8422509225092251,0.0,0.4630996309963099,0.0,0.4944649446494464,0.0,0.0,Ronnie Hillman,1.0,0.0,0.5960473300105957,0.46966856607533025,0.4139778004688374,0.34472528873753394,0.23725901162994292,0.17312807508774655,0.03397745776877273
Robert Turbin,0.5076904413480801,2011,0.1734317343173431,0.933579335793358,0.9372693726937268,0.018450184501845,0.0,0.4234317343173431,0.0,0.4630996309963099,0.0,0.4944649446494464,0.0,0.0,Robert Turbin,0.0,0.0,0.4886458453901167,0.351372437024736,0.29505697317725993,0.22902056125312248,0.1365601445649669,0.08829168258544291,0.009272677479601338
Doug Martin,-1.358967535625598,2011,0.3081180811808118,0.992619926199262,0.8948339483394834,0.092250922509225,0.0,0.4234317343173431,0.0,0.4630996309963099,0.0,0.4944649446494464,0.0,0.0,Doug Martin,7.0,2.0,0.7218812581143695,0.6212772492934273,0.5738017118664467,0.5113145346753608,0.40410893463175424,0.3313624968742918,0.11882408733546469
Chris Rainey,1.612948454029863,2011,0.0719557195571955,0.2140221402214022,0.981549815498155,0.7343173431734318,0.0,0.4234317343173431,0.0,0.4630996309963099,0.0,0.4944649446494464,0.0,0.0,Chris Rainey,0.0,0.0,0.21469532604886388,0.10570826502035505,0.07263139242040806,0.04214329077386896,0.013876983072775078,0.00543715198922418,4.2920164657991136e-05
Bernard Pierce,-0.0326579204074582,2011,1.0,0.7822878228782287,0.0,0.4252767527675276,0.0,0.4234317343173431,0.0,0.4630996309963099,0.0,0.4944649446494464,0.0,0.0,Bernard Pierce,0.0,0.0,0.49164558208709364,0.3545272887807593,0.29815094818597926,0.23192370562505876,0.13890366260873052,0.09014221313008475,0.009651124288106537
Giovani Bernard,-1.2115998006013602,2013,0.088560885608856,0.9206642066420664,0.4797047970479704,0.992619926199262,0.9501845018450183,0.1070110701107011,0.9280442804428044,1.0,0.0,0.4944649446494464,0.0,0.0,Giovani Bernard,2.0,0.0,0.505892488911029,0.36963160474424156,0.3130269773645434,0.24596872601061226,0.15038544924252406,0.09930605085556093,0.011632325578546742
Eddie Lacy,-0.6221288605044092,2013,0.0350553505535055,0.53690036900369,0.992619926199262,0.9428044280442804,0.9086715867158672,0.1273062730627306,0.0,0.4630996309963099,0.0,0.4944649446494464,0.0,0.0,Eddie Lacy,3.0,1.0,0.494181504463522,0.35720126822151704,0.3007769343100035,0.23439263927564855,0.14090478908665052,0.09172780517691952,0.009981183359502772
Joseph Randle,1.4655807190056254,2013,0.4040590405904058,0.3865313653136531,0.5894833948339484,0.0830258302583025,0.7250922509225092,0.9797047970479704,0.0,0.4630996309963099,0.0,0.4944649446494464,0.0,0.0,Joseph Randle,0.0,0.0,0.3764598305637422,0.24006324971640428,0.18916171015117458,0.13388311738789405,0.0661285154493354,0.036475325571076994,0.0016858301667588135
Montee Ball,-0.695812728016528,2013,0.2453874538745387,0.3902214022140221,0.0,0.4252767527675276,0.8025830258302582,0.8773062730627306,0.8782287822878229,1.0,0.0,0.4944649446494464,0.0,0.0,Montee Ball,0.0,0.0,0.5663194248984491,0.4358525858242815,0.3794070223534227,0.31027047187621304,0.20580095396608825,0.1455661857791349,0.024319870191424856
Stepfan Taylor,1.1954065381278562,2013,0.1383763837638376,0.2546125461254612,0.7730627306273062,0.1051660516605166,0.9446494464944648,0.1014760147601476,0.0,0.4630996309963099,0.0,0.4944649446494464,0.0,0.0,Stepfan Taylor,0.0,0.0,0.2770979619200374,0.15344438802790492,0.11220077207157016,0.07125312084049855,0.028208331706572654,0.012910353856439495,0.00022747942569246665
Marcus Lattimore,1.0726000922743246,2013,0.8210332103321033,0.1171586715867158,0.4169741697416974,0.7453874538745388,0.0,0.4234317343173431,0.753690036900369,0.9271217712177122,0.0,0.4944649446494464,0.0,0.0,Marcus Lattimore,0.0,0.0,0.21578479367872877,0.10649262772567675,0.07326071857917353,0.04258463911425212,0.01407365011645832,0.005531232432624821,4.4363883098026056e-05
Johnathan Franklin,0.925232357250087,2013,0.6845018450184501,0.966789667896679,0.7583025830258303,0.7822878228782287,0.0,0.4234317343173431,0.7103321033210332,0.918819188191882,0.0,0.4944649446494464,0.0,0.0,Johnathan Franklin,0.0,0.0,0.277526820128966,0.15379136100653915,0.11249691229473469,0.07148028325263056,0.028329877762789467,0.012978200212677614,0.00022979047139716965
Christine Michael,-0.597567571333703,2013,0.2029520295202952,0.3191881918819188,0.746309963099631,0.8440959409594095,0.8680811808118081,0.4234317343173431,0.0,0.4630996309963099,0.0,0.4944649446494464,0.0,0.0,Christine Michael,1.0,0.0,0.5288929626074305,0.3944311668979437,0.3376711528899067,0.26954026715057927,0.1701732718959451,0.11545715867332094,0.015555271705265761
Le'Veon Bell,-0.941425619723591,2013,0.2878228782287823,0.525830258302583,0.8440959409594095,0.8551660516605166,0.5968634686346863,0.8108856088560885,0.7629151291512914,0.8607011070110702,0.0,0.4944649446494464,0.0,0.0,Le'Veon Bell,5.0,3.0,0.5975380368804112,0.4713851398335035,0.4157440635130325,0.3465021588524354,0.23891244062641837,0.17459998531166057,0.03453674516582741
Mike Gillislee,1.7848774782248071,2013,0.4760147601476014,0.6439114391143912,0.7001845018450183,1.0,0.6236162361623616,0.7841328413284132,0.7001845018450183,0.4630996309963099,0.0,0.4944649446494464,0.0,0.0,Mike Gillislee,0.0,0.0,0.21477996059113263,0.10576913217079256,0.07268020078276684,0.042177491927414025,0.013892197564444188,0.005444419843831696,4.303087429963451e-05
Knile Davis,0.2866388388117235,2013,0.040590405904059,0.0129151291512915,0.3191881918819188,0.1125461254612546,0.9760147601476016,0.7564575645756457,0.0,0.4630996309963099,1.0,1.0,0.0,0.0,Knile Davis,0.0,0.0,0.34943648850441955,0.21531637884962232,0.16660712813783513,0.11485260463954318,0.05375840490321234,0.02833708800323986,0.00103601328959762
Carlos Hyde,-0.7203740171872344,2014,0.1273062730627306,0.8321033210332103,0.8892988929889298,0.1346863468634686,0.8607011070110702,0.4234317343173431,0.0,0.4630996309963099,0.0,0.4944649446494464,0.0,0.0,Carlos Hyde,4.0,0.0,0.6336174177655434,0.5135268633069723,0.45943494210595803,0.39094170930834815,0.2812084857671574,0.2129806163536415,0.05066442286528191
Jeremy Hill,-0.7694965955286469,2014,0.2822878228782287,0.5968634686346863,0.3745387453874539,0.4252767527675276,0.6531365313653137,0.4234317343173431,0.0,0.4630996309963099,0.992619926199262,0.9760147601476016,0.0,0.0,Jeremy Hill,3.0,0.0,0.46430876178913816,0.3261087841363836,0.2704510453512839,0.20616149379464016,0.11847793703642666,0.0742542141989754,0.0066402495908176465
Ka'Deem Carey,0.6550581763723178,2014,1.0,0.904059040590406,0.0,0.4252767527675276,0.0,0.4234317343173431,0.0,0.4630996309963099,0.0,0.4944649446494464,0.0,0.0,Ka'Deem Carey,0.0,0.0,0.3893485060543334,0.2521612762755055,0.2003328103407464,0.14348848932916974,0.07261657645192077,0.0408836585339091,0.0021007393009404114
Tre Mason,-0.2782708121145211,2014,0.8154981549815499,0.7896678966789668,0.507380073800738,0.8487084870848709,0.0,0.4234317343173431,0.0,0.4630996309963099,0.0,0.4944649446494464,0.0,0.0,Tre Mason,1.0,0.0,0.5013908955205997,0.36483764388652157,0.3082942683698119,0.24148503849274708,0.1466943711212926,0.09634281114270507,0.010972217870014333
Devonta Freeman,0.3112001279824297,2014,1.0,0.3699261992619926,0.3699261992619926,0.9372693726937268,0.0,0.4234317343173431,0.0,0.4630996309963099,0.0,0.4944649446494464,0.0,0.0,Devonta Freeman,4.0,2.0,0.379346356075006,0.2427563779341932,0.19164052985890032,0.13600459231679518,0.06754786833096584,0.03743193599860911,0.0017721324417135074
Andre Williams,0.5568130196894926,2014,0.7583025830258303,0.7656826568265682,0.0,0.4252767527675276,0.3902214022140221,0.4234317343173431,0.8154981549815499,0.9446494464944648,0.0,0.4944649446494464,0.0,0.0,Andre Williams,0.0,0.0,0.33196313723489174,0.19977395936456344,0.15265855643758108,0.10334429363589455,0.046612963782110474,0.023814852904084114,0.0007408825821342664
Dri Archer,0.2620775496410171,2014,0.8819188191881919,0.7712177121771218,0.4114391143911439,0.9732472324723248,0.3533210332103321,0.014760147601476,0.0,0.4630996309963099,0.0,0.4944649446494464,0.0,0.0,Dri Archer,0.0,0.0,0.33136607762625614,0.19924939799958832,0.15219086627912007,0.10296208761852109,0.046380248996567675,0.023669993212418,0.000732216144723202
Charles Sims,-0.4256385471387589,2014,0.2767527675276753,0.518450184501845,0.904981549815498,0.4252767527675276,0.4105166051660516,0.4234317343173431,0.0,0.4630996309963099,0.0,0.4944649446494464,0.0,0.0,Charles Sims,0.0,0.0,0.5628599604945175,0.4319694319640156,0.37546516167756316,0.3063820025439052,0.20232466725568657,0.14257432635157588,0.023365106508790884
De'Anthony Thomas,0.8269872005672618,2014,1.0,0.029520295202952,0.0,0.4252767527675276,0.0,0.4234317343173431,0.0,0.4630996309963099,0.0,0.4944649446494464,0.0,0.0,De'Anthony Thomas,0.0,0.0,0.3273469650436246,0.1957296512953236,0.14905805914435483,0.1004082066221281,0.04483306899411016,0.022710984657154105,0.0006760817871390702
Terrance West,0.1883936821288983,2014,0.6752767527675276,0.5322878228782288,0.7103321033210332,0.4252767527675276,0.0,0.4234317343173431,0.0,0.4630996309963099,0.9022140221402214,0.4944649446494464,0.0,0.0,Terrance West,2.0,0.0,0.4444294399267679,0.3059190754428699,0.2510135565478019,0.18840506672540305,0.1049062381647236,0.06401936527397159,0.004988501923356645
Jerick McKinnon,0.2375162604703108,2014,0.8099630996309963,0.1420664206642066,0.5129151291512914,0.4252767527675276,0.4151291512915129,0.4234317343173431,0.716789667896679,0.4630996309963099,0.0,0.4944649446494464,0.0,0.0,Jerick McKinnon,1.0,0.0,0.43732372577631645,0.29880178723309586,0.24421165947698156,0.18225746616808236,0.10030905184918534,0.060615999692646166,0.004489709137199781
Bishop Sankey,-0.7940578846993532,2014,0.059040590405904,0.7776752767527675,0.9178966789667896,0.7878228782287823,0.9132841328413284,0.834870848708487,0.8551660516605166,0.4630996309963099,0.0,0.4944649446494464,0.0,0.0,Bishop Sankey,1.0,0.0,0.636295608958131,0.5167001502997834,0.46274982988153257,0.3943504459288925,0.28452560101351165,0.2160471762994242,0.05208062985534782
Lorenzo Taliaferro,1.17084524895715,2014,0.0239852398523985,0.9760147601476016,1.0,0.0387453874538745,0.3699261992619926,0.4234317343173431,0.9206642066420664,0.9843173431734316,0.0,0.4944649446494464,0.0,0.0,Lorenzo Taliaferro,0.0,0.0,0.3146041008575427,0.18470190964587457,0.13930413661166796,0.0925288129466453,0.040147257652974104,0.019851426931829372,0.0005215422137483949
James White,0.9743549355914995,2014,0.1439114391143911,0.1217712177121771,0.9575645756457564,0.9649446494464944,0.3782287822878228,0.8671586715867159,0.0,0.4630996309963099,0.0,0.4944649446494464,0.0,0.0,James White,0.0,0.0,0.3465981876464849,0.21276683450156042,0.16430715381175462,0.11294073858757425,0.05255315586482211,0.027564528639989816,0.0009822326095297188
Travis Etienne,-1.5063352706498356,2021,0.8321033210332103,0.3007380073800738,0.0,0.4252767527675276,0.4603321033210332,0.4234317343173431,0.0,0.4630996309963099,0.0,0.4944649446494464,0.0,0.0,Travis Etienne,3.0,0.0,0.6689990065039969,0.5559416527757706,0.5040182697273953,0.43720304800422377,0.32706791592048734,0.2560478485738004,0.07226810156503727
Najee Harris,-1.530896559820542,2021,0.6088560885608856,0.3745387453874539,0.566420664206642,0.7398523985239852,0.5774907749077491,0.4234317343173431,0.0,0.4630996309963099,0.0,0.4944649446494464,0.0,0.0,Najee Harris,4.0,1.0,0.6618223298377285,0.5472528390235554,0.4948374203213316,0.42760448682621455,0.31740594886887036,0.24685710650592338,0.06734893506154704
Javonte Williams,-1.2607223789427728,2021,0.3339483394833948,0.1577490774907748,0.5996309963099631,0.7204797047970479,0.7841328413284132,0.0461254612546125,0.0,0.4630996309963099,0.0,0.4944649446494464,0.0,0.0,Javonte Williams,2.0,0.0,0.5725012618507108,0.44281874461774773,0.3864931792979643,0.31728171313347653,0.21210761834435937,0.15102221662068774,0.026108345530926582
Michael Carter,0.2866388388117235,2021,0.2158671586715867,0.1964944649446494,0.0,0.4252767527675276,0.6642066420664207,0.077490774907749,0.9391143911439114,0.0608856088560885,0.970479704797048,0.4944649446494464,0.0,0.0,Michael Carter,2.0,0.0,0.37841874255339636,0.24188988177865262,0.19084248239682822,0.13532096541243052,0.0670896399069091,0.037122614902574444,0.0017439995953887856
Trey Sermon,0.0655872362753668,2021,0.1678966789667896,0.8680811808118081,0.6937269372693726,0.033210332103321,0.5230627306273063,0.4234317343173431,0.966789667896679,0.4630996309963099,0.9649446494464944,0.981549815498155,0.0,0.0,Trey Sermon,0.0,0.0,0.3985145187292608,0.2608782942961041,0.20843787835930266,0.15052787069693185,0.07746972861524974,0.044238500992329385,0.0024458204805583948
Kenneth Gainwell,1.17084524895715,2021,0.3542435424354243,0.8044280442804428,0.6392988929889298,0.1291512915129151,0.0,0.4234317343173431,0.9446494464944648,0.4630996309963099,0.0,0.4944649446494464,0.0,0.0,Kenneth Gainwell,0.0,0.0,0.3577798647227033,0.22286610613917499,0.17344436049838574,0.12056825889486619,0.057403378753255345,0.03069638049378563,0.0012087762864937644
Rhamondre Stevenson,0.6059355980309052,2021,0.8431734317343174,0.507380073800738,0.474169741697417,0.055350553505535,0.4400369003690036,0.4234317343173431,0.0,0.4630996309963099,0.0,0.4944649446494464,0.0,0.0,Rhamondre Stevenson,2.0,0.0,0.4322580993667397,0.293760278419644,0.23940986599514852,0.17793886830632363,0.09711186689733896,0.058269050866084436,0.0041605017434620615
Chuba Hubbard,0.753303333055143,2021,0.077490774907749,0.3293357933579335,0.9317343173431734,0.044280442804428,0.0,0.4234317343173431,0.9889298892988928,0.0175276752767527,0.0,0.4944649446494464,0.0,0.0,Chuba Hubbard,2.0,0.0,0.4808174835829538,0.34318129967984534,0.28704562568763997,0.22153280216073662,0.13056397325291744,0.08358871420442396,0.008343735720242397
Kene Nwangwu,0.5813743088601989,2021,0.2324723247232472,0.0239852398523985,0.8136531365313653,0.9732472324723248,0.0,0.4234317343173431,0.9612546125461254,0.0267527675276752,0.0,0.4944649446494464,0.0,0.0,Kene Nwangwu,0.0,0.0,0.3905842725074062,0.2533310528892332,0.20141778495271534,0.1444274348828611,0.07325918257417308,0.04132512612802001,0.0021447048268799797
