Player Name,Pick,Year,balance_count,balance_score,security_count,security_score,protection_count,protection_score,vision_count,vision_score,yards_count,yards_score,jobsetting_count,jobsetting_score,Player,St,PB
Melvin Gordon,-1.7519481623568984,2015,0.533210332103321,0.6937269372693726,0.3367158671586716,0.42527675276752763,0.5092250922509225,0.0959409594095941,0.8680811808118081,0.03690036900369004,0.0,0.49446494464944646,0.0,0.0,Melvin Gordon,7.0,2.0
Todd Gurley,-1.87475460821043,2015,0.38929889298892983,0.16789667896678967,0.6273062730627306,0.959409594095941,0.6457564575645757,0.9630996309963099,0.0,0.46309963099630996,0.9298892988929889,0.49446494464944646,0.0,0.0,Todd Gurley,6.0,3.0
Tevin Coleman,-0.32739339045593374,2015,0.7121771217712176,0.28228782287822873,0.0,0.42527675276752763,0.481549815498155,0.42343173431734316,0.0,0.46309963099630996,0.9760147601476015,0.0,0.0,0.0,Tevin Coleman,2.0,0.0
Ameer Abdullah,-0.7940578846993532,2015,0.2583025830258302,0.9464944649446494,0.45018450184501846,0.42527675276752763,0.6180811808118081,0.7177121771217712,0.9760147601476015,0.46309963099630996,0.0,0.49446494464944646,0.0,0.0,Ameer Abdullah,2.0,0.0
Jay Ajayi,1.342774273152094,2015,0.02952029520295203,0.7610701107011071,0.9114391143911439,0.7942804428044281,0.9704797047970479,0.9280442804428044,0.0,0.46309963099630996,0.0,0.49446494464944646,0.0,0.0,Jay Ajayi,2.0,1.0
Duke Johnson,-0.2291482337731086,2015,0.8523985239852399,0.2011070110701107,0.0,0.42527675276752763,0.4446494464944649,0.007380073800738007,0.6734317343173432,0.0,0.0,0.49446494464944646,0.0,0.0,Duke Johnson,0.0,0.0
T.J. Yeldon,-1.2361610897720665,2015,0.8579335793357934,0.5756457564575646,0.0,0.42527675276752763,0.43265682656826565,0.42343173431734316,0.0,0.46309963099630996,0.0,0.49446494464944646,0.0,0.0,T.J. Yeldon,2.0,0.0
David Cobb,1.0726000922743246,2015,0.4575645756457565,0.6346863468634686,0.7822878228782287,0.42527675276752763,0.5350553505535055,0.42343173431734316,0.0,0.46309963099630996,0.0,0.49446494464944646,0.0,0.0,David Cobb,0.0,0.0
Mike Davis,0.9006710680793807,2015,0.2933579335793358,0.3634686346863468,0.8680811808118081,0.71309963099631,0.5166051660516605,1.0,0.0,0.46309963099630996,0.0,0.49446494464944646,0.0,0.0,Mike Davis,2.0,0.0
Javorius Allen,0.8761097789086744,2015,0.6697416974169741,0.43173431734317347,0.0,0.42527675276752763,0.0,0.42343173431734316,0.8726937269372693,0.46309963099630996,0.0,0.49446494464944646,0.0,0.0,Javorius Allen,0.0,0.0
David Johnson,-0.008096631236752,2015,1.0,0.9594095940959408,0.0,0.42527675276752763,0.0,0.42343173431734316,0.0,0.46309963099630996,0.0,0.49446494464944646,0.0,0.0,David Johnson,1.0,0.0
Matt Jones,0.2129549712996046,2015,0.41974169741697415,0.06365313653136531,0.6088560885608856,0.42527675276752763,0.6992619926199262,0.9474169741697417,0.6559040590405903,0.8837638376383763,0.0,0.49446494464944646,0.0,0.0,Matt Jones,1.0,0.0
Jeremy Langford,0.4094452846652549,2015,0.18265682656826568,0.268450184501845,0.38007380073800734,0.07749077490774908,0.933579335793358,0.9178966789667897,0.0,0.46309963099630996,0.948339483394834,0.012915129151291511,0.0,0.0,Jeremy Langford,0.0,0.0
Karlos Williams,1.4901420081763317,2015,1.0,0.3468634686346863,0.0,0.42527675276752763,0.0,0.42343173431734316,0.0,0.46309963099630996,0.0,0.49446494464944646,0.0,0.0,Karlos Williams,0.0,0.0
Ezekiel Elliott,-2.0221223432346678,2016,0.31549815498154976,0.838560885608856,0.6549815498154982,0.9317343173431734,0.7785977859778598,0.7297047970479704,0.0,0.46309963099630996,0.0,0.49446494464944646,0.0,0.0,Ezekiel Elliott,7.0,3.0
Derrick Henry,-0.9905481980650036,2016,0.4280442804428044,0.01845018450184502,0.7988929889298892,0.42527675276752763,0.0,0.42343173431734316,0.8210332103321033,0.9132841328413284,0.0,0.49446494464944646,0.0,0.0,Derrick Henry,6.0,5.0
Jordan Howard,1.2936516948106813,2016,0.25276752767527677,0.3579335793357934,0.32564575645756455,0.42527675276752763,0.753690036900369,0.09040590405904059,0.7970479704797048,0.007380073800738007,0.9870848708487084,0.007380073800738007,0.0,0.0,Jordan Howard,3.0,1.0
Devontae Booker,1.17084524895715,2016,0.5793357933579335,0.5867158671586716,0.0,0.42527675276752763,0.7416974169741697,0.8957564575645756,0.0,0.46309963099630996,0.0,0.49446494464944646,0.0,0.0,Devontae Booker,0.0,0.0
Kenneth Dixon,1.1217226706157373,2016,0.7232472324723247,0.30627306273062727,0.4446494464944649,0.42527675276752763,0.48708487084870844,0.8505535055350553,0.0,0.46309963099630996,0.9538745387453874,0.49446494464944646,0.0,0.0,Kenneth Dixon,0.0,0.0
Paul Perkins,1.269090405639975,2016,0.5977859778597786,0.6300738007380073,0.6226937269372694,0.42527675276752763,0.5424354243542435,0.13284132841328414,0.0,0.46309963099630996,0.0,0.49446494464944646,0.0,0.0,Paul Perkins,0.0,0.0
C.J. Prosise,0.11470981461677944,2016,0.13284132841328414,0.6494464944649446,0.9630996309963099,0.948339483394834,0.34501845018450183,0.42343173431734316,0.0,0.46309963099630996,0.0,0.49446494464944646,0.0,0.0,C.J. Prosise,0.0,0.0
Jonathan Williams,1.441019429834919,2016,0.20848708487084872,0.8099630996309963,0.7878228782287823,0.8154981549815499,0.5562730627306274,0.9630996309963099,0.915129151291513,0.9012915129151291,0.0,0.49446494464944646,0.0,0.0,Jonathan Williams,0.0,0.0
Kenyan Drake,-0.3028321012852275,2016,0.6900369003690037,0.8939114391143912,0.753690036900369,0.9095940959409594,0.0,0.42343173431734316,0.0,0.46309963099630996,0.0,0.49446494464944646,0.0,0.0,Kenyan Drake,2.0,0.0
Tyler Ervin,0.753303333055143,2016,0.04797047970479705,0.3136531365313653,0.6734317343173432,0.42527675276752763,0.9649446494464944,0.051660516605166046,0.0,0.46309963099630996,0.0,0.49446494464944646,0.0,0.0,Tyler Ervin,0.0,0.0
Wendell Smallwood,1.3673355623228,2016,0.23985239852398524,0.268450184501845,0.0,0.42527675276752763,0.9261992619926199,0.7666051660516604,0.0,0.46309963099630996,0.0,0.49446494464944646,0.0,0.0,Wendell Smallwood,1.0,0.0
DeAndre Washington,1.1217226706157373,2016,0.5202952029520296,0.7970479704797048,0.0,0.42527675276752763,0.0,0.42343173431734316,0.9501845018450183,0.8653136531365313,0.0,0.49446494464944646,0.0,0.0,DeAndre Washington,0.0,0.0
Leonard Fournette,-2.0221223432346678,2017,0.8265682656826567,0.7047970479704797,0.0,0.42527675276752763,0.0,0.42343173431734316,0.746309963099631,0.46309963099630996,0.0,0.49446494464944646,0.0,0.0,Leonard Fournette,5.0,0.0
Dalvin Cook,-1.113354643918535,2017,0.6143911439114391,0.6549815498154982,0.7666051660516604,0.8044280442804428,0.466789667896679,0.42343173431734316,0.0,0.46309963099630996,0.0,0.49446494464944646,0.0,0.0,Dalvin Cook,5.0,4.0
Alvin Kamara,-0.47476112548017146,2017,0.22140221402214022,0.7177121771217712,0.9012915129151291,0.12361623616236161,0.503690036900369,0.985239852398524,0.0,0.46309963099630996,0.0,0.49446494464944646,0.0,0.0,Alvin Kamara,6.0,5.0
Christian McCaffrey,-1.9238771865518425,2017,0.7527675276752768,0.42435424354243545,0.6623616236162362,0.10055350553505535,0.4022140221402214,0.42343173431734316,0.7343173431734318,0.046125461254612546,0.0,0.49446494464944646,0.0,0.0,Christian McCaffrey,5.0,3.0
Joe Mixon,-0.941425619723591,2017,0.5387453874538746,0.14760147601476015,0.0,0.42527675276752763,0.6771217712177122,0.08302583025830258,0.7583025830258303,0.46309963099630996,0.0,0.49446494464944646,0.0,0.0,Joe Mixon,6.0,2.0
D'Onta Foreman,0.06558723627536686,2017,0.8634686346863468,0.38007380073800734,0.42343173431734316,0.8819188191881919,0.4206642066420664,0.027675276752767528,0.0,0.46309963099630996,0.0,0.49446494464944646,0.0,0.0,D'Onta Foreman,1.0,0.0
Kareem Hunt,-0.008096631236752,2017,0.5498154981549815,0.4372693726937269,0.0,0.42527675276752763,0.4547970479704797,0.9225092250922509,0.9095940959409594,0.46309963099630996,0.0,0.49446494464944646,0.0,0.0,Kareem Hunt,3.0,1.0
Marlon Mack,1.1217226706157373,2017,0.503690036900369,0.6715867158671587,0.544280442804428,0.42527675276752763,0.7066420664206642,0.42343173431734316,0.0,0.46309963099630996,0.0,0.49446494464944646,0.0,0.0,Marlon Mack,2.0,0.0
Jeremy McNichols,1.4655807190056254,2017,0.3025830258302583,0.49446494464944646,0.5608856088560885,0.9538745387453874,0.8440959409594095,0.7509225092250922,0.0,0.46309963099630996,0.0,0.49446494464944646,0.0,0.0,Jeremy McNichols,0.0,0.0
Samaje Perine,0.4094452846652549,2017,0.37822878228782286,0.4188191881918819,0.8773062730627306,0.07103321033210332,0.0,0.42343173431734316,0.0,0.46309963099630996,0.0,0.49446494464944646,0.0,0.0,Samaje Perine,1.0,0.0
Tarik Cohen,0.5322517305187864,2017,0.7638376383763837,0.23154981549815495,0.6439114391143912,0.7749077490774907,0.0,0.42343173431734316,0.0,0.46309963099630996,0.0,0.49446494464944646,0.0,0.0,Tarik Cohen,2.0,1.0
James Conner,0.45856786300666746,2017,0.481549815498155,0.21955719557195572,0.0,0.42527675276752763,0.7970479704797048,0.8560885608856088,0.0,0.46309963099630996,0.0,0.49446494464944646,0.0,0.0,James Conner,6.0,2.0
Wayne Gallman,1.0480388031036185,2017,0.6273062730627306,0.6660516605166051,0.0,0.42527675276752763,0.566420664206642,0.42343173431734316,0.7269372693726937,0.46309963099630996,0.959409594095941,0.49446494464944646,0.0,0.0,Wayne Gallman,1.0,0.0
Brian Hill,1.3182129839813876,2017,0.4981549815498155,0.35239852398523985,0.5811808118081181,0.42527675276752763,0.6706642066420665,0.42343173431734316,0.0,0.46309963099630996,0.0,0.49446494464944646,0.0,0.0,Brian Hill,0.0,0.0
Joe Williams,0.5813743088601989,2017,0.7398523985239852,0.488929889298893,0.0,0.42527675276752763,0.3837638376383764,0.9630996309963099,0.8081180811808117,0.017527675276752766,0.9086715867158672,1.0,0.0,0.0,Joe Williams,0.0,0.0
Donnel Pumphrey,0.8515484897379682,2017,0.3671586715867159,0.7453874538745388,0.5350553505535055,0.42527675276752763,0.8274907749077491,0.05719557195571956,0.6918819188191881,0.8948339483394834,0.0,0.49446494464944646,0.0,0.0,Donnel Pumphrey,0.0,0.0
Saquon Barkley,-2.0712449215760804,2018,0.7693726937269372,0.6134686346863469,0.0,0.42527675276752763,0.5498154981549815,0.9345018450184501,0.679889298892989,0.46309963099630996,0.0,0.49446494464944646,0.0,0.0,Saquon Barkley,6.0,3.0
Derrius Guice,-0.6712514388458218,2018,0.6623616236162362,0.8745387453874538,0.6162361623616236,0.42527675276752763,0.42712177121771217,0.03505535055350553,0.7804428044280443,0.9059040590405903,0.0,0.49446494464944646,0.0,0.0,Derrius Guice,0.0,0.0
Ronald Jones,-1.1870385114306539,2018,0.1780442804428044,0.28874538745387457,0.8099630996309963,0.7241697416974169,0.8643911439114391,0.82380073800738,0.0,0.46309963099630996,0.0,0.49446494464944646,0.0,0.0,Ronald Jones,2.0,0.0
Sony Michel,-1.358967535625598,2018,0.5608856088560885,0.8634686346863468,0.0,0.42527675276752763,0.0,0.42343173431734316,0.8440959409594095,0.9345018450184501,0.981549815498155,0.49446494464944646,0.0,0.0,Sony Michel,2.0,0.0
Kerryon Johnson,-1.0642320655771225,2018,0.7177121771217712,0.5018450184501845,0.4289667896678967,0.0507380073800738,0.47601476014760147,0.7232472324723247,0.8025830258302582,0.046125461254612546,0.0,0.49446494464944646,0.0,0.0,Kerryon Johnson,1.0,0.0
Rashaad Penny,-1.457212692308423,2018,0.1974169741697417,0.8985239852398523,0.5295202952029521,0.42527675276752763,0.9206642066420664,0.8284132841328413,0.0,0.46309963099630996,0.0,0.49446494464944646,0.0,0.0,Rashaad Penny,0.0,0.0
Nick Chubb,-1.2607223789427728,2018,0.6199261992619927,0.448339483394834,0.0,0.42527675276752763,0.0,0.42343173431734316,0.8966789667896679,0.03136531365313653,0.0,0.49446494464944646,0.0,0.0,Nick Chubb,5.0,4.0
Royce Freeman,-0.37651596879734633,2018,0.544280442804428,0.3394833948339483,0.5940959409594095,0.8099630996309963,0.0,0.42343173431734316,0.8487084870848709,0.8837638376383763,0.0,0.49446494464944646,0.0,0.0,Royce Freeman,0.0,0.0
Nyheim Hines,0.33576141715313607,2018,0.5719557195571956,0.8274907749077491,0.716789667896679,0.9206642066420664,0.5276752767527675,0.8671586715867159,0.0,0.46309963099630996,0.0,0.49446494464944646,0.0,0.0,Nyheim Hines,0.0,0.0
Kalen Ballage,0.9989162247622059,2018,0.584870848708487,0.8173431734317343,0.5018450184501845,0.42527675276752763,0.0,0.42343173431734316,0.8846863468634687,0.055350553505535055,0.0,0.49446494464944646,0.0,0.0,Kalen Ballage,1.0,0.0
Chase Edmonds,1.0726000922743246,2018,0.45202952029520294,0.4547970479704797,0.838560885608856,0.06273062730627306,0.492619926199262,0.9741697416974169,0.7214022140221402,0.46309963099630996,0.0,0.49446494464944646,0.0,0.0,Chase Edmonds,1.0,0.0
Jaylen Samuels,1.7111936107126882,2018,0.2269372693726937,0.13653136531365312,0.8837638376383763,0.11808118081180811,0.6346863468634686,0.8819188191881919,0.7398523985239852,0.46309963099630996,0.0,0.49446494464944646,0.0,0.0,Jaylen Samuels,0.0,0.0
Mark Walton,0.5322517305187864,2018,0.7749077490774907,0.5424354243542435,0.6328413284132841,0.8228782287822878,0.36162361623616235,0.9916974169741697,0.6872693726937269,0.871771217712177,0.0,0.49446494464944646,0.0,0.0,Mark Walton,0.0,0.0
Ito Smith,0.8761097789086744,2018,1.0,0.7297047970479704,0.0,0.42527675276752763,0.0,0.42343173431734316,0.0,0.46309963099630996,0.0,0.49446494464944646,0.0,0.0,Ito Smith,0.0,0.0
Josh Jacobs,-1.530896559820542,2019,0.15129151291512916,0.6180811808118081,0.7942804428044281,0.8773062730627306,0.8966789667896679,0.07195571955719557,0.7047970479704797,0.9843173431734317,0.0,0.49446494464944646,0.0,0.0,Josh Jacobs,6.0,3.0
David Montgomery,-0.3028321012852275,2019,0.3948339483394834,0.4437269372693727,0.7343173431734318,0.7702952029520296,0.6586715867158671,0.42343173431734316,0.0,0.46309963099630996,0.0,0.49446494464944646,0.0,0.0,David Montgomery,5.0,0.0
Miles Sanders,-0.8186191738700596,2019,0.44095940959409596,0.224169741697417,0.0,0.42527675276752763,0.746309963099631,0.42343173431734316,0.7749077490774907,0.9677121771217712,0.0,0.49446494464944646,0.0,0.0,Miles Sanders,4.0,1.0
Damien Harris,0.04102594710466058,2019,1.0,0.18542435424354242,0.0,0.42527675276752763,0.0,0.42343173431734316,0.0,0.46309963099630996,0.0,0.49446494464944646,0.0,0.0,Damien Harris,3.0,0.0
Darrell Henderson,-0.4010772579680526,2019,0.3210332103321033,0.41328413284132837,0.0,0.42527675276752763,0.584870848708487,0.0,0.9040590405904059,0.07195571955719557,0.9132841328413284,0.49446494464944646,0.0,0.0,Darrell Henderson,1.0,0.0
Ryquell Armstead,1.0726000922743246,2019,0.5904059040590406,0.5811808118081181,0.0,0.42527675276752763,0.7297047970479704,0.11254612546125461,0.0,0.46309963099630996,0.0,0.49446494464944646,0.0,0.0,Ryquell Armstead,0.0,0.0
Bryce Love,0.4831291521773738,2019,0.3726937269372693,0.6881918819188192,0.0,0.42527675276752763,0.8487084870848709,0.7785977859778598,0.0,0.46309963099630996,0.0,0.49446494464944646,0.0,0.0,Bryce Love,0.0,0.0
Alexander Mattison,0.4094452846652549,2019,0.3487084870848708,0.9409594095940959,0.6678966789667897,0.9261992619926199,0.7610701107011071,0.42343173431734316,0.0,0.46309963099630996,0.0,0.49446494464944646,0.0,0.0,Alexander Mattison,1.0,0.0
Devin Singletary,-0.27827081211452115,2019,0.6964944649446494,0.6236162361623616,0.49630996309963094,0.42527675276752763,0.0,0.42343173431734316,0.8321033210332103,0.8551660516605166,0.0,0.49446494464944646,0.0,0.0,Devin Singletary,5.0,0.0
Justice Hill,0.5076904413480801,2019,0.6512915129151291,0.007380073800738007,0.0,0.42527675276752763,0.5608856088560885,0.42343173431734316,0.78690036900369,0.06642066420664205,0.0,0.49446494464944646,0.0,0.0,Justice Hill,0.0,0.0
Tony Pollard,0.8761097789086744,2019,0.11070110701107011,0.16236162361623616,0.40682656826568264,0.42527675276752763,0.9566420664206642,0.9391143911439114,0.0,0.46309963099630996,0.0,0.49446494464944646,0.0,0.0,Tony Pollard,2.0,1.0
Benny Snell,0.7287420438844366,2019,0.6383763837638377,0.1900369003690037,0.0,0.42527675276752763,0.0,0.42343173431734316,0.8929889298892989,0.9529520295202951,0.0,0.49446494464944646,0.0,0.0,Benny Snell,0.0,0.0
D'Andre Swift,-1.2607223789427728,2020,0.4464944649446494,0.7001845018450183,0.0,0.42527675276752763,0.8321033210332103,0.8957564575645756,0.0,0.46309963099630996,0.0,0.49446494464944646,0.0,0.0,D'Andre Swift,2.0,1.0
Jonathan Taylor,-1.113354643918535,2020,0.4095940959409594,0.24723247232472323,0.6808118081180812,0.42527675276752763,0.0,0.42343173431734316,0.8892988929889298,0.46309963099630996,0.0,0.49446494464944646,0.0,0.0,Jonathan Taylor,4.0,2.0
Cam Akers,-0.8431804630407658,2020,0.6568265682656826,0.07195571955719557,0.6494464944649446,0.7564575645756457,0.0,0.42343173431734316,0.7702952029520296,0.46309963099630996,0.0,0.49446494464944646,0.0,0.0,Cam Akers,1.0,0.0
Clyde Edwards-Helaire,-1.3344062464548916,2020,1.0,0.6014760147601476,0.38745387453874536,0.42527675276752763,0.0,0.42343173431734316,0.0,0.46309963099630996,0.0,0.49446494464944646,0.0,0.0,Clyde Edwards-Helaire,1.0,0.0
J.K. Dobbins,-0.7694965955286469,2020,0.6420664206642066,0.71309963099631,0.3634686346863468,0.01845018450184502,0.6881918819188192,0.7730627306273062,0.0,0.46309963099630996,0.0,0.49446494464944646,0.0,0.0,J.K. Dobbins,1.0,0.0
Zack Moss,-0.008096631236752,2020,1.0,0.05350553505535055,0.3533210332103321,0.42527675276752763,0.0,0.42343173431734316,0.0,0.46309963099630996,0.0,0.49446494464944646,0.0,0.0,Zack Moss,1.0,0.0
Darrynton Evans,0.16383239295819202,2020,0.1918819188191882,0.7546125461254612,0.7269372693726937,0.42527675276752763,0.7915129151291513,0.42343173431734316,0.8274907749077491,0.9677121771217712,0.0,0.49446494464944646,0.0,0.0,Darrynton Evans,0.0,0.0
AJ Dillon,-0.597567571333703,2020,0.8044280442804428,0.39667896678966785,0.0,0.42527675276752763,0.0,0.42343173431734316,0.0,0.46309963099630996,0.9252767527675276,0.49446494464944646,0.0,0.0,AJ Dillon,0.0,0.0
DeeJay Dallas,1.17084524895715,2020,0.08302583025830258,0.17619926199261993,0.9428044280442804,0.0,0.838560885608856,0.42343173431734316,0.0,0.46309963099630996,0.0,0.49446494464944646,0.0,0.0,DeeJay Dallas,0.0,0.0
La'Mical Perine,0.5813743088601989,2020,0.7066420664206642,0.4833948339483395,0.4640221402214022,0.8957564575645756,0.6070110701107011,0.7343173431734318,0.0,0.46309963099630996,0.0,0.49446494464944646,0.0,0.0,La'Mical Perine,0.0,0.0
Anthony McFarland,0.6796194655430241,2020,0.4317343173431734,0.0018450184501845018,0.0,0.42527675276752763,0.0,0.42343173431734316,0.9704797047970479,0.46309963099630996,0.0,0.49446494464944646,0.0,0.0,Anthony McFarland,0.0,0.0
Ke'Shawn Vaughn,-0.2537095229438149,2020,1.0,0.09870848708487084,0.0,0.42527675276752763,0.0,0.42343173431734316,0.0,0.46309963099630996,0.0,0.49446494464944646,0.0,0.0,Ke'Shawn Vaughn,0.0,0.0
Joshua Kelley,0.3848839954945486,2020,0.7343173431734318,0.04059040590405904,0.0,0.42527675276752763,0.5904059040590406,0.8108856088560885,0.0,0.46309963099630996,0.0,0.49446494464944646,0.0,0.0,Joshua Kelley,0.0,0.0
Jason Huntley,1.6866323215419818,2020,0.3837638376383764,0.8514760147601477,0.4907749077490775,0.42527675276752763,0.7370848708487086,0.42343173431734316,0.0,0.46309963099630996,0.9428044280442804,0.49446494464944646,0.0,0.0,Jason Huntley,0.0,0.0
Breece Hall,-1.2361610897720665,2022,0.7933579335793358,0.5904059040590406,0.540590405904059,0.42527675276752763,0.0,0.42343173431734316,0.0,0.46309963099630996,0.0,0.49446494464944646,0.0,0.0,Breece Hall,2.0,0.0
Kenneth Walker III,-1.113354643918535,2022,0.3634686346863468,0.49815498154981547,0.8062730627306273,0.42527675276752763,0.47232472324723246,0.014760147601476014,0.8118081180811808,0.9095940959409594,0.0,0.49446494464944646,0.0,0.0,Kenneth Walker III,3.0,0.0
Zamir White,0.6550581763723178,2022,0.3247232472324723,0.18081180811808117,0.0,0.42527675276752763,0.8726937269372693,0.9630996309963099,0.0,0.46309963099630996,0.0,0.49446494464944646,0.0,0.0,Zamir White,0.0,0.0
Isaiah Spiller,0.6796194655430241,2022,0.09778597785977862,0.33579335793357934,0.0,0.42527675276752763,0.37453874538745324,0.7380073800738007,1.0,0.8745387453874542,0.0,0.49446494464944646,0.0,0.0,Isaiah Spiller,0.0,0.0
Brian Robinson,0.2866388388117235,2022,0.3118081180811808,0.7490774907749076,0.8726937269372693,0.7970479704797048,0.496309963099631,0.8597785977859779,0.0,0.46309963099630996,0.0,0.49446494464944646,0.0,0.0,Brian Robinson,3.0,0.0
Dameon Pierce,0.2866388388117235,2022,0.40036900369003686,0.4280442804428044,0.8025830258302582,0.42527675276752763,0.5811808118081181,0.8671586715867159,0.0,0.46309963099630996,0.0,0.49446494464944646,0.0,0.0,Dameon Pierce,1.0,0.0
Tyrion Davis-Price,0.16383239295819202,2022,0.2121771217712177,0.8210332103321033,0.7619926199261993,0.42527675276752763,0.4704797047970479,0.42343173431734316,0.9723247232472324,0.9446494464944649,0.0,0.49446494464944646,0.0,0.0,Tyrion Davis-Price,0.0,0.0
James Cook,-0.5730062821629966,2022,1.0,0.12546125461254612,0.0,0.42527675276752763,0.0,0.42343173431734316,0.0,0.46309963099630996,0.0,0.49446494464944646,0.0,0.0,James Cook,2.0,2.0
Pierre Strong,0.7778646222258493,2022,0.29704797047970477,0.13284132841328414,0.6586715867158671,0.8708487084870848,0.8228782287822878,0.42343173431734316,0.0,0.46309963099630996,0.0,0.49446494464944646,0.0,0.0,Pierre Strong,0.0,0.0
Kyren Williams,1.5392645865177441,2022,0.04428044280442804,0.6383763837638377,0.977859778597786,0.8007380073800737,0.9298892988929889,0.8957564575645756,0.0,0.46309963099630996,0.0,0.49446494464944646,0.0,0.0,Kyren Williams,2.0,1.0
Rachaad White,0.11470981461677944,2022,0.6365313653136531,0.8007380073800737,0.8044280442804428,0.05904059040590406,0.0,0.42343173431734316,0.0,0.46309963099630996,0.0,0.49446494464944646,0.0,0.0,Rachaad White,2.0,0.0
Tyler Allgeier,1.2199678272985623,2022,0.5645756457564576,0.9704797047970479,0.0,0.42527675276752763,0.6494464944649446,0.42343173431734316,0.0,0.46309963099630996,0.9391143911439114,0.49446494464944646,0.0,0.0,Tyler Allgeier,0.0,0.0
Ty Chandler,1.6620710323712757,2022,0.5239852398523985,0.1918819188191882,0.45387453874538736,0.42527675276752763,0.7638376383763837,0.42343173431734316,0.0,0.46309963099630996,0.0,0.49446494464944646,0.0,0.0,Ty Chandler,0.0,0.0
Snoop Conner,1.2936516948106813,2022,0.1033210332103321,0.915129151291513,0.9538745387453875,0.8265682656826568,0.5387453874538746,0.42343173431734316,0.0,0.46309963099630996,0.0,0.49446494464944646,0.0,0.0,Snoop Conner,0.0,0.0
Jerome Ford,1.342774273152094,2022,0.5756457564575646,0.8136531365313653,0.6845018450184501,0.42527675276752763,0.5313653136531366,0.42343173431734316,0.6955719557195572,0.46309963099630996,0.0,0.49446494464944646,0.0,0.0,Jerome Ford,1.0,0.0
Hassan Haskins,0.8761097789086744,2022,0.7435424354243543,0.2859778597785978,0.6771217712177277,0.42527675276752763,0.4059040590405904,0.42343173431734316,0.0,0.46309963099630996,0.0,0.49446494464944646,0.0,0.0,Hassan Haskins,0.0,0.0
Bijan Robinson,-1.9238771865518425,2023,0.6789667896678967,0.522140221402214,0.7638376383763837,0.8726937269372693,0.0,0.42343173431734316,0.6697416974169742,0.9271217712177122,0.0,0.49446494464944646,0.0,0.0,Bijan Robinson,2.0,1.0
Jahmyr Gibbs,-1.8256320298690174,2023,0.3985239852398524,0.08856088560885608,0.8505535055350554,0.8284132841328413,0.49815498154981547,0.042435424354243544,0.0,0.46309963099630996,0.0,0.49446494464944646,0.0,0.0,Jahmyr Gibbs,0.0,2.0
Israel Abanikanda,1.2199678272985623,2023,0.06826568265682656,0.45756457564575653,0.0,0.42527675276752763,0.959409594095941,0.08671586715867158,0.9575645756457565,0.46309963099630996,0.8911439114391143,0.49446494464944646,0.0,0.0,Israel Abanikanda,0.0,0.0
De'Von Achane,-0.03265792040745829,2023,0.26199261992619927,0.8413284132841329,0.8468634686346863,0.7988929889298895,0.7564575645756457,0.11808118081180811,0.0,0.46309963099630996,0.0,0.49446494464944646,0.0,0.0,De'Von Achane,1.0,0.0
Zach Charbonnet,-0.8186191738700596,2023,0.6457564575645763,0.5922509225092251,0.7380073800738007,0.42527675276752763,0.35793357933579195,0.04059040590405904,0.7435424354243543,0.46309963099630996,0.0,0.49446494464944646,0.0,0.0,Zach Charbonnet,0.0,0.0
Tyjae Spears,-0.10634178791957716,2023,0.23616236162361623,0.9372693726937276,0.5756457564575646,0.42527675276752763,0.874538745387454,0.7453874538745388,0.0,0.46309963099630996,0.0,0.49446494464944646,0.0,0.0,Tyjae Spears,0.0,0.0
Tank Bigsby,0.06558723627536686,2023,0.8487084870848708,0.5461254612546126,0.3302583025830258,0.42527675276752763,0.4483394833948339,0.11623616236162361,0.0,0.46309963099630996,0.0,0.49446494464944646,0.0,0.0,Tank Bigsby,0.0,0.0
Chase Brown,1.7111936107126882,2023,0.6808118081180812,0.9501845018450185,0.4022140221402214,0.02952029520295203,0.3929889298892988,0.42343173431734316,0.8634686346863468,0.9446494464944649,0.8892988929889298,0.49446494464944646,0.0,0.0,Chase Brown,0.0,0.0
Kendre Miller,-0.35195467962664007,2023,0.7785977859778598,0.9077490774907748,0.0,0.42527675276752763,0.5129151291512957,0.7472324723247232,0.7306273062730627,0.9529520295202951,0.0,0.49446494464944646,0.0,0.0,Kendre Miller,0.0,0.0
Roschon Johnson,0.5568130196894926,2023,1.0,0.20479704797047968,0.3284132841328413,0.42527675276752763,0.0,0.42343173431734316,0.0,0.46309963099630996,0.0,0.49446494464944646,0.0,0.0,Roschon Johnson,0.0,0.0
Jonathon Brooks,-0.9905481980650036,2024,0.6236162361623616,0.7084870848708487,0.0,0.42527675276752763,0.6918819188191881,0.42343173431734316,0.0,0.46309963099630996,0.0,0.49446494464944646,0.0,0.0,Jonathon Brooks,0.0,0.0
Jaylen Wright,0.7287420438844366,2024,0.34501845018450183,0.559040590405904,0.577490774907749,0.42527675276752763,0.7878228782287823,0.42343173431734316,0.0,0.46309963099630996,0.0,0.49446494464944646,0.0,0.0,Jaylen Wright,0.0,0.0
Trey Benson,-0.4993224146508778,2024,1.0,0.8782287822878229,0.3302583025830277,0.027675276752767528,0.0,0.42343173431734316,0.0,0.46309963099630996,0.0,0.49446494464944646,0.0,0.0,Trey Benson,0.0,0.0
MarShawn Lloyd,0.06558723627536686,2024,0.14760147601476015,0.9520295202952029,0.9520295202952029,0.07380073800738007,0.0,0.42343173431734316,0.0,0.46309963099630996,0.0,0.49446494464944646,1.0,1.0,MarShawn Lloyd,0.0,0.0
Tyrone Tracy Jr.,1.7848774782248071,2024,1.0,0.05719557195571956,0.0,0.42527675276752763,0.0,0.42343173431734316,0.0,0.46309963099630996,0.0,0.49446494464944646,0.0,0.0,Tyrone Tracy Jr.,1.0,0.0
Ray Davis,0.925232357250087,2024,0.8782287822878229,0.04428044280442804,0.0,0.42527675276752763,0.3726937269372694,0.42343173431734316,0.0,0.46309963099630996,0.0,0.49446494464944646,0.0,0.0,Ray Davis,0.0,0.0
Will Shipley,0.9006710680793807,2024,1.0,0.1014760147601476,0.0,0.42527675276752763,0.0,0.42343173431734316,0.0,0.46309963099630996,0.0,0.49446494464944646,0.0,0.0,Will Shipley,0.0,0.0
Blake Corum,-0.08178049874887086,2024,0.24907749077490773,0.30996309963099633,0.9206642066420664,0.1088560885608856,0.0,0.42343173431734316,0.0,0.46309963099630996,0.8929889298892989,0.49446494464944646,0.0,0.0,Blake Corum,0.0,0.0
Isaac Guerendo,0.9497936464207932,2024,1.0,0.7859778597785977,0.0,0.42527675276752763,0.0,0.42343173431734316,0.0,0.46309963099630996,0.0,0.49446494464944646,0.0,0.0,Isaac Guerendo,0.0,0.0
Braelon Allen,1.0726000922743246,2024,0.5940959409594095,0.25092250922509224,0.38376383763837635,0.8690036900369005,0.7214022140221402,0.9916974169741697,0.0,0.46309963099630996,0.0,0.49446494464944646,0.0,0.0,Braelon Allen,0.0,0.0
Audric Estimé,1.3182129839813876,2024,0.7915129151291515,0.33394833948339486,0.0,0.42527675276752763,0.5,0.42343173431734316,0.0,0.46309963099630996,0.0,0.49446494464944646,0.0,0.0,Audric Estimé,0.0,0.0
Rasheen Ali,1.7603161890541008,2024,0.8468634686346863,0.8542435424354242,0.0,0.42527675276752763,0.45018450184501846,0.03136531365313653,0.0,0.46309963099630996,0.0,0.49446494464944646,0.0,0.0,Rasheen Ali,0.0,0.0
Bucky Irving,0.8515484897379682,2024,0.1014760147601476,0.7509225092250923,0.8653136531365314,0.42527675276752763,0.9169741697416974,0.42343173431734316,0.0,0.46309963099630996,0.0,0.49446494464944646,0.0,0.0,Bucky Irving,0.0,0.0
Sione Vaki,1.0234775139329122,2024,0.1070110701107011,0.17896678966789667,0.8800738007380073,0.42527675276752763,0.8763837638376384,0.42343173431734316,0.0,0.46309963099630996,0.0,0.49446494464944646,0.0,0.0,Sione Vaki,0.0,0.0
Ashton Jeanty,-1.9729997648932551,2025,0.1881918819188192,0.07564575645756458,0.922509225092251,0.8191881918819188,0.46309963099630996,0.42343173431734316,0.6826568265682657,0.46309963099630996,0.0,0.49446494464944646,0.0,0.0,,0.0,
TreVeyon Henderson,-1.1870385114306539,2025,0.2988929889298893,0.34317343173431736,0.7785977859778598,0.06642066420664207,0.0,0.42343173431734316,0.9003690036900369,0.046125461254612546,0.0,0.49446494464944646,0.0,0.0,,0.0,
Omarion Hampton,-1.5800191381619544,2025,1.0,0.2970479704797048,0.0,0.42527675276752763,0.0,0.42343173431734316,0.0,0.46309963099630996,0.0,0.49446494464944646,0.0,0.0,,0.0,
Dylan Sampson,0.8269872005672618,2025,0.1863468634686347,0.9723247232472324,0.8339483394833949,0.42527675276752763,0.0,0.42343173431734316,0.9797047970479704,0.9271217712177122,0.0,0.49446494464944646,0.0,0.0,,0.0,
Quinshon Judkins,-1.2361610897720665,2025,0.3376383763837638,0.9169741697416974,0.584870848708487,0.42527675276752763,0.42988929889298894,0.06642066420664207,0.9538745387453876,0.01107011070110701,0.0,0.49446494464944646,0.0,0.0,,0.0,
Bhayshul Tuten,0.2866388388117235,2025,0.6476014760147601,0.8228782287822878,0.0,0.42527675276752763,0.6734317343173432,0.42343173431734316,0.0,0.46309963099630996,0.0,0.49446494464944646,0.0,0.0,,0.0,
Kaleb Johnson,-0.08178049874887086,2025,0.8856088560885609,0.1881918819188192,0.0,0.42527675276752763,0.36531365313653136,0.42343173431734316,0.0,0.46309963099630996,0.0,0.49446494464944646,0.0,0.0,,0.0,
Jordan James,1.2445291164692687,2025,1.0,0.15313653136531366,0.0,0.42527675276752763,0.0,0.42343173431734316,0.0,0.46309963099630996,0.0,0.49446494464944646,0.0,0.0,,0.0,
Cam Skattebo,0.31120012798242974,2025,0.4132841328413284,0.5719557195571956,0.8634686346863468,0.42527675276752763,0.34870848708487084,0.7988929889298917,0.0,0.46309963099630996,0.0,0.49446494464944646,0.0,0.0,,0.0,
Trevor Etienne,0.5322517305187864,2025,0.566420664206642,0.9243542435424346,0.8487084870848709,0.7785977859778598,0.0,0.42343173431734316,0.0,0.46309963099630996,0.0,0.49446494464944646,0.0,0.0,,0.0,
Woody Marks,0.5813743088601989,2025,0.0996309963099631,0.7933579335793358,0.7306273062730628,0.42527675276752763,0.5461254612546125,0.014760147601476014,0.9981549815498155,0.9557195571955719,0.0,0.49446494464944646,0.0,0.0,,0.0,
Jarquez Hunter,0.6059355980309052,2025,0.1051660516605166,0.6402214022140221,0.3154981549815498,0.7656826568265681,0.9612546125461254,0.0682656826568266,0.0,0.46309963099630996,0.0,0.49446494464944646,0.0,0.0,,0.0,
Jaydon Blue,1.3182129839813876,2025,0.8007380073800737,0.15129151291512916,0.5387453874538746,0.42527675276752763,0.35608856088560886,0.03874538745387454,0.0,0.46309963099630996,0.0,0.49446494464944646,0.0,0.0,,0.0,
DJ Giddens,1.3673355623228,2025,0.6660516605166051,0.17158671586715868,0.7767527675276753,0.42527675276752763,0.0,0.42343173431734316,0.6678966789667896,0.46309963099630996,0.0,0.49446494464944646,0.0,0.0,,0.0,
Trent Richardson,-2.046683632405374,2011,0.8745387453874538,0.5627306273062731,0.43265682656826565,0.9843173431734317,0.0,0.42343173431734316,0.0,0.46309963099630996,0.0,0.49446494464944646,0.0,0.0,Trent Richardson,3.0,0.0
Lamar Miller,0.2866388388117235,2011,1.0,0.8874538745387454,0.0,0.42527675276752763,0.0,0.42343173431734316,0.0,0.46309963099630996,0.0,0.49446494464944646,0.0,0.0,Lamar Miller,6.0,1.0
David Wilson,-1.3344062464548916,2011,0.11623616236162361,0.466789667896679,0.8597785977859778,0.8607011070110702,0.8911439114391144,0.42343173431734316,0.0,0.46309963099630996,0.0,0.49446494464944646,0.0,0.0,David Wilson,0.0,0.0
Isaiah Pead,-0.8923030413821784,2011,0.3413284132841329,0.5498154981549815,0.8302583025830258,0.42527675276752763,0.6300738007380073,0.42343173431734316,0.0,0.46309963099630996,0.0,0.49446494464944646,0.0,0.0,Isaiah Pead,0.0,0.0
LaMichael James,-0.6221288605044092,2011,0.0,0.268450184501845,0.0,0.42527675276752763,1.0,0.7952029520295203,0.0,0.46309963099630996,0.0,0.49446494464944646,0.0,0.0,LaMichael James,0.0,0.0
Ronnie Hillman,-0.4501998363094652,2011,0.012915129151291511,0.9843173431734317,0.9686346863468634,0.834870848708487,0.9870848708487084,0.8422509225092251,0.0,0.46309963099630996,0.0,0.49446494464944646,0.0,0.0,Ronnie Hillman,1.0,0.0
Robert Turbin,0.5076904413480801,2011,0.17343173431734316,0.933579335793358,0.9372693726937269,0.01845018450184502,0.0,0.42343173431734316,0.0,0.46309963099630996,0.0,0.49446494464944646,0.0,0.0,Robert Turbin,0.0,0.0
Doug Martin,-1.358967535625598,2011,0.3081180811808118,0.992619926199262,0.8948339483394834,0.09225092250922509,0.0,0.42343173431734316,0.0,0.46309963099630996,0.0,0.49446494464944646,0.0,0.0,Doug Martin,7.0,2.0
Chris Rainey,1.612948454029863,2011,0.07195571955719557,0.2140221402214022,0.981549815498155,0.7343173431734318,0.0,0.42343173431734316,0.0,0.46309963099630996,0.0,0.49446494464944646,0.0,0.0,Chris Rainey,0.0,0.0
Bernard Pierce,-0.03265792040745829,2011,1.0,0.7822878228782287,0.0,0.42527675276752763,0.0,0.42343173431734316,0.0,0.46309963099630996,0.0,0.49446494464944646,0.0,0.0,Bernard Pierce,0.0,0.0
Giovani Bernard,-1.2115998006013602,2013,0.08856088560885608,0.9206642066420664,0.4797047970479704,0.992619926199262,0.9501845018450183,0.1070110701107011,0.9280442804428044,1.0,0.0,0.49446494464944646,0.0,0.0,Giovani Bernard,2.0,0.0
Eddie Lacy,-0.6221288605044092,2013,0.03505535055350553,0.53690036900369,0.992619926199262,0.9428044280442804,0.9086715867158672,0.12730627306273062,0.0,0.46309963099630996,0.0,0.49446494464944646,0.0,0.0,Eddie Lacy,3.0,1.0
Joseph Randle,1.4655807190056254,2013,0.40405904059040587,0.3865313653136531,0.5894833948339484,0.08302583025830258,0.7250922509225092,0.9797047970479704,0.0,0.46309963099630996,0.0,0.49446494464944646,0.0,0.0,Joseph Randle,0.0,0.0
Montee Ball,-0.695812728016528,2013,0.24538745387453875,0.39022140221402213,0.0,0.42527675276752763,0.8025830258302582,0.8773062730627306,0.8782287822878229,1.0,0.0,0.49446494464944646,0.0,0.0,Montee Ball,0.0,0.0
Stepfan Taylor,1.1954065381278562,2013,0.13837638376383762,0.25461254612546125,0.7730627306273062,0.1051660516605166,0.9446494464944649,0.1014760147601476,0.0,0.46309963099630996,0.0,0.49446494464944646,0.0,0.0,Stepfan Taylor,0.0,0.0
Marcus Lattimore,1.0726000922743246,2013,0.8210332103321033,0.11715867158671586,0.41697416974169743,0.7453874538745388,0.0,0.42343173431734316,0.753690036900369,0.9271217712177122,0.0,0.49446494464944646,0.0,0.0,Marcus Lattimore,0.0,0.0
Johnathan Franklin,0.925232357250087,2013,0.6845018450184501,0.966789667896679,0.7583025830258303,0.7822878228782287,0.0,0.42343173431734316,0.7103321033210332,0.9188191881918819,0.0,0.49446494464944646,0.0,0.0,Johnathan Franklin,0.0,0.0
Christine Michael,-0.597567571333703,2013,0.2029520295202952,0.3191881918819188,0.746309963099631,0.8440959409594095,0.8680811808118081,0.42343173431734316,0.0,0.46309963099630996,0.0,0.49446494464944646,0.0,0.0,Christine Michael,1.0,0.0
Le'Veon Bell,-0.941425619723591,2013,0.2878228782287823,0.525830258302583,0.8440959409594095,0.8551660516605166,0.5968634686346863,0.8108856088560885,0.7629151291512914,0.8607011070110702,0.0,0.49446494464944646,0.0,0.0,Le'Veon Bell,5.0,3.0
Mike Gillislee,1.7848774782248071,2013,0.47601476014760147,0.6439114391143912,0.7001845018450183,1.0,0.6236162361623616,0.7841328413284132,0.7001845018450183,0.46309963099630996,0.0,0.49446494464944646,0.0,0.0,Mike Gillislee,0.0,0.0
Knile Davis,0.2866388388117235,2013,0.04059040590405904,0.012915129151291511,0.3191881918819188,0.11254612546125461,0.9760147601476015,0.7564575645756457,0.0,0.46309963099630996,1.0,1.0,0.0,0.0,Knile Davis,0.0,0.0
Carlos Hyde,-0.7203740171872344,2014,0.12730627306273062,0.8321033210332103,0.8892988929889298,0.13468634686346864,0.8607011070110702,0.42343173431734316,0.0,0.46309963099630996,0.0,0.49446494464944646,0.0,0.0,Carlos Hyde,4.0,0.0
Jeremy Hill,-0.7694965955286469,2014,0.28228782287822873,0.5968634686346863,0.3745387453874539,0.42527675276752763,0.6531365313653137,0.42343173431734316,0.0,0.46309963099630996,0.992619926199262,0.9760147601476015,0.0,0.0,Jeremy Hill,3.0,0.0
Ka'Deem Carey,0.6550581763723178,2014,1.0,0.9040590405904059,0.0,0.42527675276752763,0.0,0.42343173431734316,0.0,0.46309963099630996,0.0,0.49446494464944646,0.0,0.0,Ka'Deem Carey,0.0,0.0
Tre Mason,-0.27827081211452115,2014,0.8154981549815499,0.7896678966789668,0.507380073800738,0.8487084870848709,0.0,0.42343173431734316,0.0,0.46309963099630996,0.0,0.49446494464944646,0.0,0.0,Tre Mason,1.0,0.0
Devonta Freeman,0.31120012798242974,2014,1.0,0.3699261992619926,0.3699261992619926,0.9372693726937269,0.0,0.42343173431734316,0.0,0.46309963099630996,0.0,0.49446494464944646,0.0,0.0,Devonta Freeman,4.0,2.0
Andre Williams,0.5568130196894926,2014,0.7583025830258303,0.7656826568265682,0.0,0.42527675276752763,0.39022140221402213,0.42343173431734316,0.8154981549815499,0.9446494464944649,0.0,0.49446494464944646,0.0,0.0,Andre Williams,0.0,0.0
Dri Archer,0.26207754964101715,2014,0.8819188191881919,0.7712177121771218,0.4114391143911439,0.9732472324723247,0.3533210332103321,0.014760147601476014,0.0,0.46309963099630996,0.0,0.49446494464944646,0.0,0.0,Dri Archer,0.0,0.0
Charles Sims,-0.4256385471387589,2014,0.2767527675276753,0.518450184501845,0.904981549815498,0.42527675276752763,0.41051660516605165,0.42343173431734316,0.0,0.46309963099630996,0.0,0.49446494464944646,0.0,0.0,Charles Sims,0.0,0.0
De'Anthony Thomas,0.8269872005672618,2014,1.0,0.02952029520295203,0.0,0.42527675276752763,0.0,0.42343173431734316,0.0,0.46309963099630996,0.0,0.49446494464944646,0.0,0.0,De'Anthony Thomas,0.0,0.0
Terrance West,0.18839368212889832,2014,0.6752767527675276,0.5322878228782288,0.7103321033210332,0.42527675276752763,0.0,0.42343173431734316,0.0,0.46309963099630996,0.9022140221402214,0.49446494464944646,0.0,0.0,Terrance West,2.0,0.0
Jerick McKinnon,0.23751626047031088,2014,0.8099630996309963,0.14206642066420663,0.5129151291512914,0.42527675276752763,0.41512915129151295,0.42343173431734316,0.716789667896679,0.46309963099630996,0.0,0.49446494464944646,0.0,0.0,Jerick McKinnon,1.0,0.0
Bishop Sankey,-0.7940578846993532,2014,0.05904059040590406,0.7776752767527675,0.9178966789667897,0.7878228782287823,0.9132841328413284,0.834870848708487,0.8551660516605166,0.46309963099630996,0.0,0.49446494464944646,0.0,0.0,Bishop Sankey,1.0,0.0
Lorenzo Taliaferro,1.17084524895715,2014,0.023985239852398525,0.9760147601476015,1.0,0.03874538745387454,0.3699261992619926,0.42343173431734316,0.9206642066420664,0.9843173431734317,0.0,0.49446494464944646,0.0,0.0,Lorenzo Taliaferro,0.0,0.0
James White,0.9743549355914995,2014,0.14391143911439114,0.12177121771217711,0.9575645756457565,0.9649446494464944,0.37822878228782286,0.8671586715867159,0.0,0.46309963099630996,0.0,0.49446494464944646,0.0,0.0,James White,0.0,0.0
Travis Etienne,-1.5063352706498356,2021,0.8321033210332103,0.30073800738007384,0.0,0.42527675276752763,0.4603321033210332,0.42343173431734316,0.0,0.46309963099630996,0.0,0.49446494464944646,0.0,0.0,Travis Etienne,3.0,0.0
Najee Harris,-1.530896559820542,2021,0.6088560885608856,0.3745387453874539,0.566420664206642,0.7398523985239852,0.5774907749077491,0.42343173431734316,0.0,0.46309963099630996,0.0,0.49446494464944646,0.0,0.0,Najee Harris,4.0,1.0
Javonte Williams,-1.2607223789427728,2021,0.33394833948339486,0.15774907749077488,0.5996309963099631,0.7204797047970479,0.7841328413284132,0.046125461254612546,0.0,0.46309963099630996,0.0,0.49446494464944646,0.0,0.0,Javonte Williams,2.0,0.0
Michael Carter,0.2866388388117235,2021,0.2158671586715867,0.19649446494464945,0.0,0.42527675276752763,0.6642066420664207,0.07749077490774908,0.9391143911439114,0.060885608856088555,0.9704797047970479,0.49446494464944646,0.0,0.0,Michael Carter,2.0,0.0
Trey Sermon,0.06558723627536686,2021,0.16789667896678967,0.8680811808118081,0.6937269372693726,0.03321033210332103,0.5230627306273063,0.42343173431734316,0.966789667896679,0.46309963099630996,0.9649446494464944,0.981549815498155,0.0,0.0,Trey Sermon,0.0,0.0
Kenneth Gainwell,1.17084524895715,2021,0.35424354243542433,0.8044280442804428,0.6392988929889298,0.12915129151291513,0.0,0.42343173431734316,0.9446494464944649,0.46309963099630996,0.0,0.49446494464944646,0.0,0.0,Kenneth Gainwell,0.0,0.0
Rhamondre Stevenson,0.6059355980309052,2021,0.8431734317343174,0.507380073800738,0.474169741697417,0.055350553505535055,0.44003690036900367,0.42343173431734316,0.0,0.46309963099630996,0.0,0.49446494464944646,0.0,0.0,Rhamondre Stevenson,2.0,0.0
Chuba Hubbard,0.753303333055143,2021,0.07749077490774908,0.32933579335793356,0.9317343173431734,0.04428044280442804,0.0,0.42343173431734316,0.9889298892988929,0.017527675276752766,0.0,0.49446494464944646,0.0,0.0,Chuba Hubbard,2.0,0.0
Kene Nwangwu,0.5813743088601989,2021,0.23247232472324722,0.023985239852398525,0.8136531365313653,0.9732472324723247,0.0,0.42343173431734316,0.9612546125461254,0.026752767527675275,0.0,0.49446494464944646,0.0,0.0,Kene Nwangwu,0.0,0.0
