Player Name,Pick,Year,balance_count,balance_score,vision_count,vision_score,hips_count,hips_score,security_count,security_score,routes_count,routes_score,topend_count,topend_score,injury_count,injury_score,workload_count,workload_score,St,PB,AP1,Player,Ht,Wt,Forty,BenchReps,BroadJump,Cone,Shuttle,PB_prediction,AP1_prediction
Melvin Gordon,-1.7519481623568984,2015,0.8920664206642066,0.4640221402214022,0.4381918819188192,0.0,0.6872693726937269,0.0,0.0,0.4833948339483395,0.6780442804428044,0.0,0.0,0.5046125461254612,0.0,0.540590405904059,0.0,0.507380073800738,7.0,2.0,0.0,Melvin Gordon,0.9391143911439115,0.533210332103321,0.45018450184501846,0.551660516605166,0.8911439114391144,0.20664206642066418,0.04059040590405904,0.6313518997061747,0.8900046993912102
Todd Gurley,-1.87475460821043,2015,0.9381918819188191,0.42343173431734316,0.4935424354243542,0.0,0.0,0.4769372693726937,0.0,0.4833948339483395,0.0,0.5119926199261993,0.0,0.5046125461254612,0.0,0.540590405904059,0.0,0.507380073800738,6.0,3.0,2.0,Todd Gurley,0.9391143911439115,0.7370848708487084,0.45018450184501846,0.3413284132841329,0.32011070110701106,0.45848708487084866,0.6374538745387454,0.9006659530259717,0.943221204052999
Tevin Coleman,-0.32739339045593374,2015,0.9907749077490775,0.3367158671586716,0.3145756457564576,0.0,0.0,0.4769372693726937,0.0,0.4833948339483395,0.0,0.5119926199261993,0.0,0.5046125461254612,0.0,0.540590405904059,0.0,0.507380073800738,2.0,0.0,0.0,Tevin Coleman,0.6503690036900369,0.2333948339483395,0.11254612546125461,0.8256457564575646,0.13099630996309963,0.764760147601476,0.9455719557195572,0.7182260348051777,0.6614017698840312
Ameer Abdullah,-0.7940578846993532,2015,0.5415129151291513,0.08948339483394833,0.7555350553505535,0.7223247232472325,0.0,0.4769372693726937,0.0,0.4833948339483395,0.0,0.5119926199261993,0.9677121771217712,1.0,0.0,0.540590405904059,0.0,0.507380073800738,2.0,0.0,0.0,Ameer Abdullah,0.21955719557195572,0.20756457564575645,0.6817343173431734,0.9243542435424354,0.9437269372693726,0.04428044280442804,0.013837638376383764,0.5539082196328391,0.26450923952170446
Jay Ajayi,1.342774273152094,2015,0.32933579335793356,0.809040590405904,0.39022140221402213,0.0,0.5876383763837638,1.0,0.0,0.4833948339483395,0.7186346863468634,1.0,0.0,0.5046125461254612,0.0,0.540590405904059,0.0,0.507380073800738,2.0,1.0,0.0,Jay Ajayi,0.82380073800738,0.7103321033210332,0.6097785977859778,0.551660516605166,0.6254612546125461,0.26107011070110697,0.048892988929889296,0.08925094005749377,0.04095614209570345
Duke Johnson,-0.2291482337731086,2015,0.6245387453874538,0.679889298892989,0.4824723247232472,0.0,0.0,0.4769372693726937,0.0,0.4833948339483395,0.775830258302583,0.0,0.0,0.5046125461254612,0.9603321033210332,0.0,0.0,0.507380073800738,0.0,0.0,0.0,Duke Johnson,0.21955719557195572,0.2656826568265683,0.5156826568265682,0.28136531365313655,0.6254612546125461,0.5913284132841328,0.6918819188191881,0.5691171741653527,0.27986615557103833
T.J. Yeldon,-1.2361610897720665,2015,0.7204797047970479,0.1743542435424354,0.0,0.5387453874538746,0.8828413284132841,1.0,0.0,0.4833948339483395,0.6540590405904059,0.0,0.0,0.5046125461254612,0.0,0.540590405904059,0.0,0.507380073800738,2.0,0.0,0.0,T.J. Yeldon,0.9391143911439115,0.8293357933579335,0.7057195571955719,0.8256457564575646,0.3459409594095941,0.3736162361623616,0.1466789667896679,0.6547266723455409,0.71508940870109
David Cobb,1.0726000922743246,2015,0.9252767527675276,0.44003690036900367,0.0,0.5387453874538746,0.0,0.4769372693726937,0.0,0.4833948339483395,0.6660516605166051,0.0,0.0,0.5046125461254612,0.0,0.540590405904059,0.0,0.507380073800738,0.0,0.0,0.0,David Cobb,0.6503690036900369,0.8846863468634686,0.6559040590405905,0.3413284132841329,0.6254612546125461,0.9123616236162362,0.9363468634686347,0.29028992458172376,0.16510418649601458
Mike Davis,0.9006710680793807,2015,0.04151291512915129,1.0,0.9409594095940959,0.0,0.0,0.4769372693726937,0.0,0.4833948339483395,0.7112546125461254,1.0,0.0,0.5046125461254612,0.0,0.540590405904059,0.0,0.507380073800738,2.0,0.0,0.0,Mike Davis,0.21955719557195572,0.6715867158671587,0.9677121771217712,0.6273062730627306,0.24077490774907748,0.8265682656826567,0.6752767527675276,0.2273773900897168,0.035456487741628
Javorius Allen,0.8761097789086744,2015,0.9714022140221401,0.28690036900369004,0.3828413284132841,0.0,0.6411439114391144,1.0,0.0,0.4833948339483395,0.0,0.5119926199261993,0.0,0.5046125461254612,0.0,0.540590405904059,0.0,0.507380073800738,0.0,0.0,0.0,Javorius Allen,0.82380073800738,0.7103321033210332,0.47785977859778594,0.030442804428044277,0.6254612546125461,0.16051660516605165,0.22509225092250923,0.2323984418868744,0.3013572123925899
David Johnson,-0.008096631236752,2015,0.17712177121771217,0.7029520295202951,0.7785977859778597,0.0,0.0,0.4769372693726937,0.0,0.4833948339483395,0.0,0.5119926199261993,0.0,0.5046125461254612,0.0,0.540590405904059,0.0,0.507380073800738,1.0,0.0,0.0,David Johnson,0.9391143911439115,0.7878228782287823,0.8763837638376384,0.6678966789667896,0.20571955719557194,0.4898523985239852,0.48523985239852396,0.5333228902596145,0.48033497322247165
David Johnson,-0.008096631236752,2015,0.17712177121771217,0.7029520295202951,0.7785977859778597,0.0,0.0,0.4769372693726937,0.0,0.4833948339483395,0.0,0.5119926199261993,0.0,0.5046125461254612,0.0,0.540590405904059,0.0,0.507380073800738,3.0,1.0,1.0,David Johnson,0.9391143911439115,0.7878228782287823,0.8763837638376384,0.6678966789667896,0.20571955719557194,0.4898523985239852,0.48523985239852396,0.5333228902596145,0.48033497322247165
Matt Jones,0.2129549712996046,2015,0.7435424354243543,0.525830258302583,0.3985239852398524,0.0,0.8154981549815499,1.0,0.0,0.4833948339483395,0.8487084870848709,0.0,0.0,0.5046125461254612,0.0,0.540590405904059,0.0,0.507380073800738,1.0,0.0,0.0,Matt Jones,0.9870848708487084,0.966789667896679,0.9889298892988929,0.5977859778597785,0.0488929889298893,0.9704797047970479,0.8118081180811808,0.38837021754114265,0.18969225297744877
Matt Jones,0.2129549712996046,2015,0.7435424354243543,0.525830258302583,0.3985239852398524,0.0,0.8154981549815499,1.0,0.0,0.4833948339483395,0.8487084870848709,0.0,0.0,0.5046125461254612,0.0,0.540590405904059,0.0,0.507380073800738,0.0,0.0,0.0,Matt Jones,0.9870848708487084,0.966789667896679,0.9889298892988929,0.5977859778597785,0.0488929889298893,0.9704797047970479,0.8118081180811808,0.38837021754114265,0.18969225297744877
Jeremy Langford,0.4094452846652549,2015,0.283210332103321,0.7795202952029521,0.0,0.5387453874538746,0.0,0.4769372693726937,0.0,0.4833948339483395,0.8035055350553506,1.0,0.0,0.5046125461254612,0.0,0.540590405904059,0.0,0.507380073800738,0.0,0.0,0.0,Jeremy Langford,0.82380073800738,0.30073800738007384,0.1743542435424354,0.41697416974169743,0.43265682656826565,0.4086715867158671,0.3284132841328413,0.21030569464013615,0.1418889723342423
Karlos Williams,1.4901420081763317,2015,0.71309963099631,0.6171586715867159,0.0,0.5387453874538746,0.0,0.4769372693726937,0.857011070110701,1.0,0.0,0.5119926199261993,0.9621771217712176,0.0,0.0,0.540590405904059,0.0,0.507380073800738,0.0,0.0,0.0,Karlos Williams,0.9391143911439115,0.9068265682656826,0.31826568265682653,0.25,0.3459409594095941,0.3191881918819188,0.6245387453874538,0.22794883403980323,0.13287487767870443
Ezekiel Elliott,-2.0221223432346678,2016,0.8071955719557196,0.5175276752767528,0.0,0.5387453874538746,0.764760147601476,1.0,0.8514760147601477,1.0,0.8404059040590406,0.0,0.0,0.5046125461254612,0.0,0.540590405904059,0.0,0.507380073800738,7.0,3.0,1.0,Ezekiel Elliott,0.82380073800738,0.8081180811808117,0.272140221402214,0.727859778597786,0.43265682656826565,0.6688191881918819,0.503690036900369,0.8888646903757116,0.732927134503496
Derrick Henry,-0.9905481980650036,2016,0.8514760147601477,0.4981549815498155,0.0,0.5387453874538746,0.0,0.4769372693726937,0.0,0.4833948339483395,0.7924354243542435,0.0,0.0,0.5046125461254612,0.0,0.540590405904059,0.9861623616236161,0.0,6.0,5.0,1.0,Derrick Henry,1.0,1.0,0.5156826568265682,0.8256457564575646,0.9437269372693726,0.39575645756457567,0.44926199261992616,0.6710873288860384,0.8196841859155856
Jordan Howard,1.2936516948106813,2016,0.15036900369003692,0.742619926199262,0.8071955719557196,0.742619926199262,0.5341328413284132,0.0,0.0,0.4833948339483395,0.0,0.5119926199261993,0.0,0.5046125461254612,0.9677121771217712,0.0,0.0,0.507380073800738,3.0,1.0,0.0,Jordan Howard,0.82380073800738,0.9068265682656826,0.6097785977859778,0.25,0.7066420664206642,0.9372693726937269,0.8800738007380073,0.5056153757798117,0.06590144788683007
Devontae Booker,1.17084524895715,2016,0.058118081180811805,0.0,0.9409594095940959,1.0,0.6208487084870848,0.0,0.0,0.4833948339483395,0.5304428044280443,1.0,0.0,0.5046125461254612,0.0,0.540590405904059,0.0,0.507380073800738,0.0,0.0,0.0,Devontae Booker,0.6503690036900369,0.6402214022140221,0.5774907749077491,0.8256457564575646,0.0,0.8339483394833949,0.5488929889298892,0.2505678948802205,0.02555314767744557
Kenneth Dixon,1.1217226706157373,2016,0.5710332103321033,0.6678966789667897,0.32011070110701106,1.0,0.871771217712177,0.0,0.9234317343173432,0.0,0.7241697416974169,0.5119926199261993,0.9271217712177122,0.0,0.904981549815498,0.0,0.0,0.507380073800738,0.0,0.0,0.0,Kenneth Dixon,0.43265682656826565,0.533210332103321,0.5774907749077491,0.4437269372693727,0.6254612546125461,0.17066420664206644,0.22509225092250923,0.11297749132315783,0.014888208297481026
Paul Perkins,1.269090405639975,2016,0.8699261992619927,0.22785977859778597,0.0,0.5387453874538746,0.0,0.4769372693726937,0.0,0.4833948339483395,0.768450184501845,1.0,0.0,0.5046125461254612,0.0,0.540590405904059,0.0,0.507380073800738,0.0,0.0,0.0,Paul Perkins,0.43265682656826565,0.30073800738007384,0.5156826568265682,0.551660516605166,0.816420664206642,0.5525830258302582,0.6190036900369003,0.16227397538250563,0.05066177956689303
C.J. Prosise,0.11470981461677944,2016,0.41605166051660514,0.857011070110701,0.3533210332103321,1.0,0.0,0.4769372693726937,0.0,0.4833948339483395,0.9704797047970479,0.0,0.7850553505535055,1.0,0.0,0.540590405904059,0.0,0.507380073800738,0.0,0.0,0.0,C.J. Prosise,0.82380073800738,0.6715867158671587,0.31826568265682653,0.5055350553505535,0.6254612546125461,0.6688191881918819,0.7490774907749077,0.3367055781553953,0.05271493246726368
Jonathan Williams,1.441019429834919,2016,0.3477859778597786,0.8219557195571956,0.0,0.5387453874538746,0.775830258302583,1.0,1.0,0.0,0.0,0.5119926199261993,0.0,0.5046125461254612,0.0,0.540590405904059,0.0,0.507380073800738,0.0,0.0,0.0,Jonathan Williams,0.6503690036900369,0.6715867158671587,0.5774907749077491,0.25,0.13099630996309963,0.7767527675276753,0.6042435424354243,0.1354627280528208,0.04673342598245565
Kenyan Drake,-0.3028321012852275,2016,0.09594095940959409,0.3367158671586716,0.8939114391143912,0.0,0.9898523985239852,0.764760147601476,0.0,0.4833948339483395,0.5507380073800738,0.0,0.0,0.5046125461254612,0.0,0.540590405904059,0.0,0.507380073800738,2.0,0.0,0.0,Kenyan Drake,0.9391143911439115,0.3699261992619926,0.2177121771217712,0.016605166051660517,0.768450184501845,0.20664206642066418,0.1328413284132841,0.18064510646360382,0.17614944574211128
Tyler Ervin,0.753303333055143,2016,0.23154981549815495,0.75,0.7075645756457565,1.0,0.9787822878228782,0.1780442804428044,0.0,0.4833948339483395,0.6097785977859778,1.0,0.0,0.5046125461254612,0.0,0.540590405904059,0.0,0.507380073800738,0.0,0.0,0.0,Tyler Ervin,0.43265682656826565,0.03874538745387454,0.13837638376383765,0.3413284132841329,0.9437269372693726,0.7555350553505535,0.6429889298892988,0.1651142798702809,0.012803735356706848
Wendell Smallwood,1.3673355623228,2016,0.46863468634686345,0.8856088560885609,0.0,0.5387453874538746,0.0,0.4769372693726937,0.0,0.4833948339483395,0.0,0.5119926199261993,0.0,0.5046125461254612,0.0,0.540590405904059,0.0,0.507380073800738,1.0,0.0,0.0,Wendell Smallwood,0.43265682656826565,0.30073800738007384,0.272140221402214,0.08302583025830257,0.5479704797047971,0.06457564575645756,0.22509225092250923,0.1324385299497029,0.23614499394254257
DeAndre Washington,1.1217226706157373,2016,0.19095940959409594,0.5452029520295203,0.6964944649446494,0.30350553505535055,0.5285977859778597,0.0,0.0,0.4833948339483395,0.809040590405904,1.0,0.0,0.5046125461254612,0.8957564575645756,0.0,0.0,0.507380073800738,0.0,0.0,0.0,DeAndre Washington,0.07656826568265682,0.3699261992619926,0.8883763837638377,0.7749077490774907,0.07749077490774908,0.9455719557195572,0.9769372693726937,0.357132423230514,0.025008767103473533
Leonard Fournette,-2.0221223432346678,2017,0.6964944649446494,0.1300738007380074,0.43265682656826565,1.0,0.8625461254612545,1.0,0.8182656826568266,1.0,0.0,0.5119926199261993,0.9345018450184501,1.0,0.0,0.540590405904059,0.0,0.507380073800738,5.0,0.0,0.0,Leonard Fournette,0.82380073800738,0.9750922509225093,0.4280442804428044,0.7859778597785978,0.11531365313653136,0.8404059040590406,0.7287822878228782,0.9553938681524168,0.5381421657562916
Dalvin Cook,-1.113354643918535,2017,0.5304428044280443,0.7241697416974169,0.857011070110701,0.0,0.0,0.4769372693726937,0.0,0.4833948339483395,0.7813653136531364,1.0,0.0,0.5046125461254612,0.0,0.540590405904059,0.0,0.507380073800738,5.0,4.0,0.0,Dalvin Cook,0.43265682656826565,0.3699261992619926,0.37822878228782286,0.8256457564575646,0.30073800738007384,0.47601476014760147,0.8883763837638377,0.7156784210148118,0.29083924608647793
Alvin Kamara,-0.47476112548017146,2017,0.8625461254612545,0.46955719557195574,0.5876383763837638,0.3459409594095941,0.5230627306273063,1.0,0.0,0.4833948339483395,0.5728782287822878,0.0,0.0,0.5046125461254612,0.0,0.540590405904059,0.0,0.507380073800738,6.0,5.0,0.0,Alvin Kamara,0.43265682656826565,0.48800738007380073,0.5774907749077491,0.13468634686346861,0.9686346863468634,0.5719557195571956,0.7785977859778598,0.4802421702986101,0.18718715372155112
Christian McCaffrey,-1.9238771865518425,2017,0.3588560885608856,0.8339483394833949,0.48800738007380073,1.0,0.6282287822878229,1.0,0.0,0.4833948339483395,0.9704797047970479,0.0,0.0,0.5046125461254612,0.0,0.540590405904059,0.0,0.507380073800738,5.0,3.0,2.0,Christian McCaffrey,0.6503690036900369,0.14760147601476015,0.31826568265682653,0.016605166051660517,0.6254612546125461,0.013837638376383764,0.1466789667896679,0.5605728657033414,0.36270088035013437
Joe Mixon,-0.941425619723591,2017,0.5525830258302582,0.20571955719557194,0.75,0.32011070110701106,0.5821033210332103,0.0,0.0,0.4833948339483395,0.9142066420664205,1.0,0.0,0.5046125461254612,0.0,0.540590405904059,0.0,0.507380073800738,6.0,2.0,0.0,Joe Mixon,0.9391143911439115,0.6715867158671587,0.8339483394833949,0.7749077490774907,0.4769372693726937,0.5304428044280443,0.7979704797047971,0.6290328027422512,0.27499058436205726
D'Onta Foreman,0.06558723627536686,2017,0.28874538745387457,0.7850553505535055,0.3607011070110701,0.0,0.0,0.4769372693726937,0.9732472324723247,0.0,0.0,0.5119926199261993,0.9105166051660516,1.0,0.0,0.540590405904059,0.0,0.507380073800738,1.0,0.0,0.0,D'Onta Foreman,0.82380073800738,0.9455719557195572,0.9437269372693726,0.4437269372693727,0.08671586715867158,0.8653136531365313,0.6559040590405905,0.3730073267355365,0.207221093825051
Kareem Hunt,-0.008096631236752,2017,0.7020295202952029,0.6226937269372694,0.7370848708487086,0.0,0.5507380073800738,1.0,0.0,0.4833948339483395,0.0,0.5119926199261993,0.0,0.5046125461254612,0.0,0.540590405904059,0.0,0.507380073800738,3.0,1.0,0.0,Kareem Hunt,0.43265682656826565,0.566420664206642,0.7223247232472324,0.4437269372693727,0.5018450184501845,0.7333948339483395,0.8985239852398523,0.5624319135486495,0.22556911838265772
Marlon Mack,1.1217226706157373,2017,0.8865313653136531,0.2444649446494465,0.5415129151291513,1.0,0.0,0.4769372693726937,0.0,0.4833948339483395,0.0,0.5119926199261993,0.0,0.5046125461254612,0.0,0.540590405904059,0.0,0.507380073800738,2.0,0.0,0.0,Marlon Mack,0.6503690036900369,0.4538745387453874,0.4114391143911439,0.13468634686346861,0.853321033210332,0.6346863468634686,0.82380073800738,0.36518111182618934,0.08336290191704125
Jeremy McNichols,1.4655807190056254,2017,0.8976014760147601,0.45848708487084866,0.0,0.5387453874538746,0.8293357933579335,0.0,0.0,0.4833948339483395,0.5581180811808117,0.0,0.0,0.5046125461254612,0.0,0.540590405904059,0.0,0.507380073800738,0.0,0.0,0.0,Jeremy McNichols,0.21955719557195572,0.48800738007380073,0.37822878228782286,0.3985239852398524,0.6254612546125461,0.12269372693726938,0.22509225092250923,0.08849220708852817,0.1989027071113935
Samaje Perine,0.4094452846652549,2017,0.5470479704797048,0.13560885608856088,0.8182656826568266,1.0,0.8773062730627306,0.0,0.0,0.4833948339483395,0.0,0.5119926199261993,0.0,0.5046125461254612,0.0,0.540590405904059,0.0,0.507380073800738,1.0,0.0,0.0,Samaje Perine,0.6503690036900369,0.9455719557195572,0.7666051660516604,0.9861623616236161,0.30073800738007384,0.4640221402214022,0.4298892988929889,0.5681980216585979,0.2658081692593384
Tarik Cohen,0.5322517305187864,2017,0.9658671586715867,0.3846863468634686,0.0,0.5387453874538746,0.6928044280442804,0.0,0.0,0.4833948339483395,0.0,0.5119926199261993,0.0,0.5046125461254612,0.0,0.540590405904059,0.0,0.507380073800738,2.0,1.0,1.0,Tarik Cohen,0.0,0.01937269372693727,0.1743542435424354,0.030442804428044277,0.43265682656826565,0.5581180811808117,0.3736162361623616,0.24954923980304897,0.4604760323979457
James Conner,0.45856786300666746,2017,0.19649446494464945,0.9086715867158672,0.9916974169741697,0.32564575645756455,0.0,0.4769372693726937,0.8809963099630995,1.0,0.7979704797047971,1.0,0.0,0.5046125461254612,0.0,0.540590405904059,0.0,0.507380073800738,6.0,2.0,0.0,James Conner,0.9391143911439115,0.9455719557195572,0.7666051660516604,0.6678966789667896,0.16697416974169743,0.6051660516605166,0.9621771217712176,0.5674684328941497,0.04135225216002392
Wayne Gallman,1.0480388031036185,2017,0.46863468634686345,0.8856088560885609,0.0,0.5387453874538746,0.9178966789667897,0.0,0.0,0.4833948339483395,0.0,0.5119926199261993,0.0,0.5046125461254612,0.9418819188191883,0.0,0.0,0.507380073800738,1.0,0.0,0.0,Wayne Gallman,0.82380073800738,0.533210332103321,0.6817343173431734,0.7453874538745386,0.5479704797047971,0.33394833948339486,0.22509225092250923,0.39244501798777276,0.355469633854397
Brian Hill,1.3182129839813876,2017,0.9031365313653137,0.45295202952029523,0.0,0.5387453874538746,0.5618081180811808,0.0,0.0,0.4833948339483395,0.7057195571955719,0.0,0.8865313653136531,0.0,0.9105166051660516,1.0,0.0,0.507380073800738,0.0,0.0,0.0,Brian Hill,0.9391143911439115,0.6402214022140221,0.5156826568265682,0.13468634686346861,0.853321033210332,0.19833948339483393,0.3284132841328413,0.07677506201674097,0.10329906669953537
Joe Williams,0.5813743088601989,2017,0.5876383763837638,0.716789667896679,0.8404059040590406,0.0,0.0,0.4769372693726937,0.0,0.4833948339483395,0.0,0.5119926199261993,0.8477859778597785,1.0,0.0,0.540590405904059,0.0,0.507380073800738,0.0,0.0,0.0,Joe Williams,0.6503690036900369,0.3699261992619926,0.13837638376383765,0.08302583025830257,0.853321033210332,0.3736162361623616,0.11623616236162362,0.2001283525387229,0.1366914626929605
Donnel Pumphrey,0.8515484897379682,2017,0.9142066420664205,0.257380073800738,0.0,0.5387453874538746,0.6725092250922509,1.0,0.0,0.4833948339483395,0.0,0.5119926199261993,0.904981549815498,0.9105166051660516,0.0,0.540590405904059,0.0,0.507380073800738,0.0,0.0,0.0,Donnel Pumphrey,0.07656826568265682,0.013837638376383764,0.31826568265682653,0.0,0.3459409594095941,0.40313653136531363,0.35977859778597787,0.14502393190404758,0.08981826292228302
Saquon Barkley,-2.0712449215760804,2018,0.21863468634686345,0.646678966789668,0.6226937269372694,0.0,0.8459409594095941,0.0,0.0,0.4833948339483395,0.6263837638376384,1.0,0.0,0.5046125461254612,0.0,0.540590405904059,0.0,0.507380073800738,6.0,3.0,1.0,Saquon Barkley,0.82380073800738,0.9455719557195572,0.11254612546125461,0.977859778597786,0.08671586715867158,0.8653136531365313,0.1706642066420664,0.8304920206261317,0.847754887871708
Derrius Guice,-0.6712514388458218,2018,0.31642066420664205,0.7961254612546125,0.8883763837638377,0.0,0.7038745387453875,0.0,0.0,0.4833948339483395,0.731549815498155,1.0,0.8809963099630995,1.0,0.0,0.540590405904059,0.0,0.507380073800738,0.0,0.0,0.0,Derrius Guice,0.43265682656826565,0.7878228782287823,0.37822878228782286,0.13468634686346861,0.026752767527675275,0.75,0.9916974169741697,0.46631569959273944,0.13915508073474606
Ronald Jones,-1.1870385114306539,2018,0.046125461254612546,1.0,0.7656826568265682,0.0,0.7250922509225092,0.7693726937269373,0.0,0.4833948339483395,0.9298892988929889,0.0,1.0,0.5046125461254612,0.0,0.540590405904059,0.0,0.507380073800738,2.0,0.0,0.0,Ronald Jones,0.6503690036900369,0.20756457564575645,0.7666051660516604,0.7361623616236163,0.18357933579335792,0.7158671586715867,0.6605166051660516,0.3349047336131949,0.10512637269359125
Sony Michel,-1.358967535625598,2018,0.2592250922509225,0.6060885608856088,0.5138376383763837,0.0,0.0,0.4769372693726937,0.8367158671586716,1.0,0.816420664206642,0.0,0.0,0.5046125461254612,0.0,0.540590405904059,0.0,0.507380073800738,2.0,0.0,0.0,Sony Michel,0.6503690036900369,0.48800738007380073,0.5156826568265682,0.8256457564575646,0.013837638376383764,0.8874538745387454,0.1328413284132841,0.7263350184282539,0.6679700862833019
Kerryon Johnson,-1.0642320655771225,2018,0.820110701107011,0.23892988929889297,0.5821033210332103,1.0,0.801660516605166,0.0,0.8754612546125461,1.0,0.0,0.5119926199261993,0.0,0.5046125461254612,0.0,0.540590405904059,0.0,0.507380073800738,1.0,0.0,0.0,Kerryon Johnson,0.6503690036900369,0.4538745387453874,0.9289667896678966,0.030442804428044277,0.8911439114391144,0.2269372693726937,0.26107011070110697,0.7562347054703134,0.5976594817841518
Rashaad Penny,-1.457212692308423,2018,0.18542435424354242,0.07656826568265682,0.7702952029520296,0.0,0.0,0.4769372693726937,0.0,0.4833948339483395,0.9704797047970479,1.0,0.0,0.5046125461254612,0.0,0.540590405904059,0.0,0.507380073800738,0.0,0.0,0.0,Rashaad Penny,0.6503690036900369,0.6715867158671587,0.24354243542435422,0.045202952029520294,0.5479704797047971,0.7767527675276753,0.6042435424354243,0.5993294357100674,0.3332283509911333
Nick Chubb,-1.2607223789427728,2018,0.7776752767527675,0.19095940959409594,0.6678966789667897,0.7481549815498154,0.5562730627306274,1.0,0.0,0.4833948339483395,0.0,0.5119926199261993,0.7979704797047971,0.0,0.0,0.540590405904059,0.0,0.507380073800738,5.0,4.0,0.0,Nick Chubb,0.6503690036900369,0.8496309963099631,0.45018450184501846,0.977859778597786,0.9178966789667896,0.25,0.18911439114391143,0.7484170609063505,0.4251127997780232
Royce Freeman,-0.37651596879734633,2018,0.9197416974169741,0.2629151291512915,0.42712177121771217,0.0,0.7905904059040589,1.0,0.0,0.4833948339483395,0.0,0.5119926199261993,0.8404059040590406,0.0,0.0,0.540590405904059,0.0,0.507380073800738,0.0,0.0,0.0,Royce Freeman,0.6503690036900369,0.8846863468634686,0.5156826568265682,0.3413284132841329,0.43265682656826565,0.10608856088560885,0.10239852398523985,0.3858010463492939,0.5186518806169055
Nyheim Hines,0.33576141715313607,2018,0.5636531365313653,0.7112546125461254,0.8459409594095941,0.0,0.0,0.4769372693726937,0.0,0.4833948339483395,0.6854243542435424,1.0,0.0,0.5046125461254612,0.0,0.540590405904059,0.0,0.507380073800738,0.0,0.0,0.0,Nyheim Hines,0.07656826568265682,0.09686346863468634,0.05627306273062731,0.6162361623616236,0.5018450184501845,0.34870848708487084,0.4003690036900369,0.2704948810431877,0.08576434266100219
Kalen Ballage,0.9989162247622059,2018,0.013837638376383764,1.0,1.0,0.3404059040590406,0.0,0.4769372693726937,0.0,0.4833948339483395,0.0,0.5119926199261993,0.0,0.5046125461254612,0.0,0.540590405904059,0.0,0.507380073800738,1.0,0.0,0.0,Kalen Ballage,0.9391143911439115,0.8671586715867159,0.24354243542435422,0.13468634686346861,0.7066420664206642,0.11439114391143912,0.4003690036900369,0.24568548437561333,0.12248368649684323
Chase Edmonds,1.0726000922743246,2018,0.2666051660516605,0.06365313653136531,0.6116236162361623,0.0,0.9843173431734318,0.7739852398523985,0.0,0.4833948339483395,0.6153136531365313,0.0,0.0,0.5046125461254612,0.0,0.540590405904059,0.0,0.507380073800738,1.0,0.0,0.0,Chase Edmonds,0.21955719557195572,0.20756457564575645,0.5470479704797049,0.551660516605166,0.7066420664206642,0.04428044280442804,0.04059040590405904,0.05748022342175566,0.05497809826204787
Jaylen Samuels,1.7111936107126882,2018,0.6300738007380073,0.10608856088560885,0.6448339483394834,0.753690036900369,0.698339483394834,0.0,0.0,0.4833948339483395,0.6485239852398523,0.5119926199261993,0.8662361623616236,1.0,0.0,0.540590405904059,0.0,0.507380073800738,0.0,0.0,0.0,Jaylen Samuels,0.6503690036900369,0.8081180811808117,1.0,0.5055350553505535,0.0488929889298893,0.5359778597785978,0.41605166051660514,0.10035747572200221,0.023028720803072063
Mark Walton,0.5322517305187864,2018,0.8274907749077491,0.4474169741697417,0.0,0.5387453874538746,0.8071955719557196,0.0,0.0,0.4833948339483395,0.7629151291512914,0.2407749077490775,0.0,0.5046125461254612,0.0,0.540590405904059,0.0,0.507380073800738,0.0,0.0,0.0,Mark Walton,0.43265682656826565,0.14760147601476015,0.6817343173431734,0.4437269372693727,0.43265682656826565,0.6789667896678966,0.5590405904059041,0.18127951316078134,0.20122041118192
Ito Smith,0.8761097789086744,2018,0.5821033210332103,0.6854243542435424,0.5359778597785978,1.0,0.9031365313653137,0.0,0.0,0.4833948339483395,0.8680811808118081,0.21309963099630996,0.0,0.5046125461254612,0.0,0.540590405904059,0.0,0.507380073800738,0.0,0.0,0.0,Ito Smith,0.21955719557195572,0.07472324723247233,0.8127306273062731,0.09132841328413284,0.09870848708487084,0.5249077490774907,0.5931734317343174,0.12602142217987955,0.04495824016202253
Josh Jacobs,-1.530896559820542,2019,0.9086715867158672,0.4345018450184502,0.5193726937269372,0.0,0.0,0.4769372693726937,0.0,0.4833948339483395,0.0,0.5119926199261993,0.0,0.5046125461254612,0.0,0.540590405904059,0.0,0.507380073800738,6.0,3.0,1.0,Josh Jacobs,0.43265682656826565,0.6715867158671587,0.9732472324723247,0.5977859778597785,0.13099630996309963,0.5193726937269372,0.3680811808118081,0.8593042227405959,0.9239503872393382
David Montgomery,-0.3028321012852275,2019,0.8809963099630995,0.4289667896678967,0.5083025830258303,0.0,0.0,0.4769372693726937,0.0,0.4833948339483395,0.0,0.5119926199261993,0.0,0.5046125461254612,0.0,0.540590405904059,0.0,0.507380073800738,5.0,0.0,0.0,David Montgomery,0.43265682656826565,0.7370848708487084,0.7416974169741697,0.13468634686346861,0.6254612546125461,0.7896678966789668,0.985239852398524,0.6664459998331926,0.5695837294314113
Miles Sanders,-0.8186191738700596,2019,0.6780442804428044,0.1540590405904059,0.5304428044280443,1.0,0.0,0.4769372693726937,0.9160516605166051,1.0,0.698339483394834,0.0,0.0,0.5046125461254612,0.0,0.540590405904059,0.0,0.507380073800738,4.0,1.0,0.0,Miles Sanders,0.6503690036900369,0.3920664206642066,0.37822878228782286,0.6678966789667896,0.816420664206642,0.0977859778597786,0.11623616236162362,0.6783671811105185,0.3344396930663774
Damien Harris,0.04102594710466058,2019,0.13191881918819187,0.7610701107011071,0.7887453874538746,1.0,0.6522140221402214,1.0,0.0,0.4833948339483395,0.0,0.5119926199261993,0.0,0.5046125461254612,0.9916974169741697,0.08025830258302583,0.0,0.507380073800738,3.0,0.0,0.0,Damien Harris,0.43265682656826565,0.566420664206642,0.6097785977859778,0.25,0.6254612546125461,0.7333948339483395,0.8985239852398523,0.7488868940909976,0.0636354578119019
Darrell Henderson,-0.4010772579680526,2019,0.5175276752767528,0.6282287822878229,0.8514760147601477,0.3607011070110701,0.6042435424354243,1.0,0.0,0.4833948339483395,0.5636531365313653,1.0,0.9455719557195572,0.0,0.0,0.540590405904059,0.0,0.507380073800738,1.0,0.0,0.0,Darrell Henderson,0.07656826568265682,0.30073800738007384,0.37822878228782286,0.8256457564575646,0.6254612546125461,0.981549815498155,0.8680811808118081,0.4123071307490093,0.022685058017473655
Ryquell Armstead,1.0726000922743246,2019,0.7260147601476015,0.14852398523985239,0.71309963099631,1.0,0.6660516605166051,0.20202952029520294,0.0,0.4833948339483395,0.0,0.5119926199261993,0.0,0.5046125461254612,0.0,0.540590405904059,0.9732472324723247,0.0,0.0,0.0,0.0,Ryquell Armstead,0.6503690036900369,0.6715867158671587,0.2177121771217712,0.8256457564575646,0.2232472324723247,0.19280442804428044,0.26107011070110697,0.344135928384391,0.2736678949368672
Bryce Love,0.4831291521773738,2019,0.9843173431734318,0.37915129151291516,0.32564575645756455,0.0,0.0,0.4769372693726937,0.0,0.4833948339483395,0.0,0.5119926199261993,0.0,0.5046125461254612,0.0,0.540590405904059,0.0,0.507380073800738,0.0,0.0,0.0,Bryce Love,0.21955719557195572,0.11623616236162361,0.8514760147601477,0.4437269372693727,0.3856088560885609,0.5055350553505534,0.503690036900369,0.3571038946624012,0.43844419778935173
Alexander Mattison,0.4094452846652549,2019,0.783210332103321,0.5581180811808117,0.6614391143911439,0.0,0.646678966789668,1.0,0.0,0.4833948339483395,0.0,0.5119926199261993,0.0,0.5046125461254612,0.0,0.540590405904059,0.0,0.507380073800738,1.0,0.0,0.0,Alexander Mattison,0.6503690036900369,0.7103321033210332,0.801660516605166,0.8256457564575646,0.9095940959409594,0.2887453874538745,0.26107011070110697,0.4031238968314769,0.24127565949981444
Devin Singletary,-0.27827081211452115,2019,0.6153136531365313,0.6559040590405905,0.8127306273062731,0.33394833948339486,0.6097785977859778,0.18911439114391143,0.8293357933579335,1.0,0.0,0.5119926199261993,0.8607011070110702,1.0,0.0,0.540590405904059,0.0,0.507380073800738,5.0,0.0,0.0,Devin Singletary,0.016605166051660517,0.1688191881918819,0.7924354243542435,0.13468634686346861,0.3459409594095941,0.5415129151291513,0.466789667896679,0.4978542947618622,0.17957663645419644
Justice Hill,0.5076904413480801,2019,0.9566420664206642,0.41789667896678967,0.0,0.5387453874538746,0.735239852398524,0.0,0.0,0.4833948339483395,0.0,0.5119926199261993,0.0,0.5046125461254612,0.0,0.540590405904059,0.0,0.507380073800738,0.0,0.0,0.0,Justice Hill,0.43265682656826565,0.09686346863468634,0.11254612546125461,0.7453874538745386,0.9437269372693726,0.5857933579335792,0.5239852398523985,0.33891206951602504,0.3721120013295691
Tony Pollard,0.8761097789086744,2019,0.21309963099630996,0.07103321033210332,0.731549815498155,0.0,0.9529520295202951,1.0,0.0,0.4833948339483395,0.0,0.5119926199261993,0.0,0.5046125461254612,0.0,0.540590405904059,0.0,0.507380073800738,2.0,1.0,0.0,Tony Pollard,0.82380073800738,0.3699261992619926,0.45018450184501846,0.045202952029520294,0.6254612546125461,0.8071955719557196,0.7601476014760147,0.17471386803120617,0.05400305989135952
Benny Snell,0.7287420438844366,2019,0.46863468634686345,0.03966789667896679,0.0,0.5387453874538746,0.0,0.4769372693726937,0.0,0.4833948339483395,0.9704797047970479,1.0,0.0,0.5046125461254612,0.0,0.540590405904059,0.0,0.507380073800738,0.0,0.0,0.0,Benny Snell,0.43265682656826565,0.7878228782287823,0.7924354243542435,0.25,0.5018450184501845,0.2269372693726937,0.35239852398523985,0.17125897297650974,0.11882958604210334
D'Andre Swift,-1.2607223789427728,2020,0.9308118081180812,0.3367158671586716,0.5018450184501845,0.5387453874538746,0.0,0.4769372693726937,0.0,0.4833948339483395,0.0,0.5119926199261993,0.0,0.5046125461254612,0.0,0.540590405904059,0.0,0.507380073800738,2.0,1.0,0.0,D'Andre Swift,0.07656826568265682,0.4225092250922509,0.31826568265682653,0.761070110701107,0.6254612546125461,0.8514760147601476,0.9225092250922509,0.8835688851988589,0.6702124816816488
Jonathan Taylor,-1.113354643918535,2020,0.683579335793358,0.6356088560885609,0.6503690036900369,0.0,0.0,0.4769372693726937,0.0,0.4833948339483395,0.0,0.5119926199261993,0.0,0.5046125461254612,0.9363468634686347,0.0,0.0,0.507380073800738,4.0,2.0,1.0,Jonathan Taylor,0.43265682656826565,0.8293357933579335,0.08487084870848707,0.3413284132841329,0.768450184501845,0.1817343173431734,0.1706642066420664,0.8802452305421887,0.8466963298949826
Cam Akers,-0.8431804630407658,2020,0.3219557195571956,0.801660516605166,0.5488929889298892,1.0,0.0,0.4769372693726937,0.0,0.4833948339483395,0.0,0.5119926199261993,0.0,0.5046125461254612,0.9797047970479704,0.0,0.0,0.507380073800738,1.0,0.0,0.0,Cam Akers,0.43265682656826565,0.6014760147601476,0.272140221402214,0.6678966789667896,0.7066420664206642,0.7020295202952029,0.5359778597785978,0.9082411852229878,0.462737838146273
Clyde Edwards-Helaire,-1.3344062464548916,2020,0.5950184501845018,0.6411439114391144,0.5747232472324724,0.0,0.7850553505535055,0.7481549815498154,0.0,0.4833948339483395,0.75,0.7998154981549814,0.0,0.5046125461254612,0.9529520295202951,0.0,0.0,0.507380073800738,1.0,0.0,0.0,Clyde Edwards-Helaire,0.016605166051660517,0.2656826568265683,0.6817343173431734,0.13468634686346861,0.768450184501845,0.9566420664206642,0.8357933579335793,0.7750296940391201,0.2261600153593241
J.K. Dobbins,-0.7694965955286469,2020,0.801660516605166,0.4769372693726937,0.0,0.5387453874538746,0.7518450184501845,0.0,0.0,0.4833948339483395,0.6909594095940959,1.0,0.9215867158671587,0.0,0.0,0.540590405904059,0.9677121771217712,0.0,1.0,0.0,0.0,J.K. Dobbins,0.21955719557195572,0.33487084870848705,0.9437269372693726,0.8902214022140221,0.15129151291512916,0.4206642066420664,0.3856088560885609,0.35059498844708203,0.51415825968769
Zack Moss,-0.008096631236752,2020,0.4086715867158671,0.8496309963099631,0.9409594095940959,0.0,0.6153136531365313,1.0,0.0,0.4833948339483395,0.0,0.5119926199261993,0.0,0.5046125461254612,0.0,0.540590405904059,0.0,0.507380073800738,1.0,0.0,0.0,Zack Moss,0.21955719557195572,0.7629151291512914,0.7666051660516604,0.551660516605166,0.18357933579335792,0.9123616236162362,0.4298892988929889,0.5399397732761133,0.24580606659231982
Darrynton Evans,0.16383239295819202,2020,0.46863468634686345,0.3367158671586716,0.0,0.5387453874538746,0.0,0.4769372693726937,0.0,0.4833948339483395,0.0,0.5119926199261993,0.0,0.5046125461254612,0.0,0.540590405904059,0.0,0.507380073800738,0.0,0.0,0.0,Darrynton Evans,0.43265682656826565,0.1688191881918819,0.13837638376383765,0.6678966789667896,0.853321033210332,0.6494464944649446,0.6752767527675276,0.4397514350381788,0.34389932722856786
AJ Dillon,-0.597567571333703,2020,0.3754612546125461,0.40682656826568264,0.4621771217712177,0.0,0.0,0.4769372693726937,0.0,0.4833948339483395,0.0,0.5119926199261993,0.0,0.5046125461254612,0.0,0.540590405904059,0.0,0.507380073800738,0.0,0.0,0.0,AJ Dillon,0.82380073800738,1.0,0.47785977859778594,0.8902214022140221,0.9686346863468634,0.3736162361623616,0.7287822878228782,0.7191473065197147,0.660657198882277
DeeJay Dallas,1.17084524895715,2020,0.8127306273062731,0.5396678966789668,0.6337638376383763,0.0,0.0,0.4769372693726937,0.0,0.4833948339483395,0.0,0.5119926199261993,0.0,0.5046125461254612,0.0,0.540590405904059,0.0,0.507380073800738,0.0,0.0,0.0,DeeJay Dallas,0.43265682656826565,0.6014760147601476,0.6365313653136531,0.3985239852398524,0.5018450184501845,0.34870848708487084,0.3284132841328413,0.2552825467684621,0.2616924008607239
La'Mical Perine,0.5813743088601989,2020,0.46863468634686345,0.03966789667896679,0.0,0.5387453874538746,0.9123616236162362,1.0,0.9511070110701108,1.0,0.0,0.5119926199261993,0.0,0.5046125461254612,0.0,0.540590405904059,0.0,0.507380073800738,0.0,0.0,0.0,La'Mical Perine,0.6503690036900369,0.566420664206642,0.7223247232472324,0.8256457564575646,0.43265682656826565,0.2887453874538745,0.2915129151291513,0.4215061958596395,0.20771325346844077
Anthony McFarland,0.6796194655430241,2020,0.9465739814884921,0.2713053967272147,0.4041698699600282,0.0,0.5762510264475416,0.0,0.0,0.4833948339483395,0.6367667938245907,1.0,0.0,0.5046125461254612,0.0,0.540590405904059,0.0,0.507380073800738,0.0,0.0,0.0,Anthony McFarland,0.07656826568265682,0.30073800738007384,0.2029520295202952,0.6678966789667896,0.30073800738007384,0.981549815498155,0.8680811808118081,0.3002542091951578,0.1352843594091639
Ke'Shawn Vaughn,-0.2537095229438149,2020,0.7555350553505535,0.1614391143911439,0.6909594095940959,1.0,0.0,0.4769372693726937,0.0,0.4833948339483395,0.0,0.5119926199261993,0.820110701107011,0.0,0.0,0.540590405904059,0.0,0.507380073800738,0.0,0.0,0.0,Ke'Shawn Vaughn,0.43265682656826565,0.48800738007380073,0.4280442804428044,0.1992619926199262,0.3459409594095941,0.5719557195571956,0.7785977859778598,0.5540682996428282,0.19805454624935218
Joshua Kelley,0.3848839954945486,2020,0.7905904059040589,0.5119926199261993,0.6282287822878229,0.3145756457564576,0.7149446494464944,0.18357933579335795,0.0,0.4833948339483395,0.6595940959409594,1.0,0.0,0.5046125461254612,0.0,0.540590405904059,0.9787822878228782,0.0,0.0,0.0,0.0,Joshua Kelley,0.6503690036900369,0.4225092250922509,0.37822878228782286,0.8902214022140221,0.6254612546125461,0.1411439114391144,0.22509225092250923,0.26310233653798676,0.22827604535927506
Jason Huntley,1.6866323215419818,2020,0.09594095940959409,1.0,0.0,0.5387453874538746,0.0,0.4769372693726937,1.0,0.0,0.0,0.5119926199261993,0.0,0.5046125461254612,0.0,0.540590405904059,0.0,0.507380073800738,0.0,0.0,0.0,Jason Huntley,0.21955719557195572,0.050738007380073794,0.8625461254612545,0.06734317343173432,0.06549815498154982,0.44188191881918815,0.7066420664206642,0.06967966772962433,0.043051223138869915
D'Andre Swift,-1.2607223789427728,2021,0.20756457564575648,0.10055350553505535,0.9409594095940959,0.5387453874538746,0.0,0.4769372693726937,0.9455719557195572,1.0,0.0,0.5119926199261993,0.0,0.5046125461254612,0.0,0.540590405904059,0.0,0.507380073800738,2.0,1.0,0.0,D'Andre Swift,0.07656826568265682,0.4225092250922509,0.31826568265682653,0.761070110701107,0.6254612546125461,0.8514760147601476,0.9225092250922509,0.8941523224774062,0.33587379509912707
Jonathan Taylor,-1.113354643918535,2021,0.20202952029520294,0.6614391143911439,0.742619926199262,0.0,0.0,0.4769372693726937,0.0,0.4833948339483395,0.0,0.5119926199261993,0.0,0.5046125461254612,0.0,0.540590405904059,0.0,0.507380073800738,4.0,2.0,1.0,Jonathan Taylor,0.43265682656826565,0.8293357933579335,0.08487084870848707,0.3413284132841329,0.768450184501845,0.1817343173431734,0.1706642066420664,0.6746527630804919,0.7717643386525059
Cam Akers,-0.8431804630407658,2021,0.026752767527675275,1.0,0.6392988929889298,1.0,0.0,0.4769372693726937,0.0,0.4833948339483395,0.0,0.5119926199261993,0.0,0.5046125461254612,0.9797047970479704,0.0,0.0,0.507380073800738,1.0,0.0,0.0,Cam Akers,0.43265682656826565,0.6014760147601476,0.272140221402214,0.6678966789667896,0.7066420664206642,0.7020295202952029,0.5359778597785978,0.8941396553875187,0.3826932524757604
Clyde Edwards-Helaire,-1.3344062464548916,2021,0.2776752767527675,0.17988929889298894,0.37177121771217714,0.0,0.9732472324723247,0.742619926199262,0.0,0.4833948339483395,0.8274907749077491,0.805350553505535,0.0,0.5046125461254612,0.0,0.540590405904059,0.0,0.507380073800738,1.0,0.0,0.0,Clyde Edwards-Helaire,0.016605166051660517,0.2656826568265683,0.6817343173431734,0.13468634686346861,0.768450184501845,0.9566420664206642,0.8357933579335793,0.45188813458591603,0.1954273838745675
J.K. Dobbins,-0.7694965955286469,2021,0.735239852398524,0.5987084870848709,0.0,0.5387453874538746,0.5987084870848709,0.0,0.0,0.4833948339483395,0.0,0.5119926199261993,0.9511070110701108,0.0,0.0,0.540590405904059,0.0,0.507380073800738,1.0,0.0,0.0,J.K. Dobbins,0.21955719557195572,0.33487084870848705,0.9437269372693726,0.8902214022140221,0.15129151291512916,0.4206642066420664,0.3856088560885609,0.501159873775932,0.7011922297319495
Zack Moss,-0.008096631236752,2021,0.06365313653136531,1.0,0.9409594095940959,0.0,0.5673431734317342,1.0,0.0,0.4833948339483395,0.0,0.5119926199261993,0.0,0.5046125461254612,0.0,0.540590405904059,0.0,0.507380073800738,1.0,0.0,0.0,Zack Moss,0.21955719557195572,0.7629151291512914,0.7666051660516604,0.551660516605166,0.18357933579335792,0.9123616236162362,0.4298892988929889,0.48843916830333894,0.20675104269006236
Darrynton Evans,0.16383239295819202,2021,0.46863468634686345,0.03966789667896679,0.9409594095940959,1.0,0.5396678966789668,1.0,0.0,0.4833948339483395,0.0,0.5119926199261993,0.8035055350553506,0.0,0.0,0.540590405904059,0.0,0.507380073800738,0.0,0.0,0.0,Darrynton Evans,0.43265682656826565,0.1688191881918819,0.13837638376383765,0.6678966789667896,0.853321033210332,0.6494464944649446,0.6752767527675276,0.3640247261237501,0.02351246398069364
AJ Dillon,-0.597567571333703,2021,0.3699261992619926,0.4123616236162362,0.4677121771217712,0.0,0.0,0.4769372693726937,0.0,0.4833948339483395,0.0,0.5119926199261993,0.0,0.5046125461254612,0.0,0.540590405904059,0.0,0.507380073800738,0.0,0.0,0.0,AJ Dillon,0.82380073800738,1.0,0.47785977859778594,0.8902214022140221,0.9686346863468634,0.3736162361623616,0.7287822878228782,0.7188079447671157,0.658126153429823
DeeJay Dallas,1.17084524895715,2021,0.857011070110701,0.4916974169741697,0.5931734317343174,0.0,0.6595940959409594,0.19464944649446492,0.0,0.4833948339483395,0.0,0.5119926199261993,0.0,0.5046125461254612,0.0,0.540590405904059,0.0,0.507380073800738,0.0,0.0,0.0,DeeJay Dallas,0.43265682656826565,0.6014760147601476,0.6365313653136531,0.3985239852398524,0.5018450184501845,0.34870848708487084,0.3284132841328413,0.20960758407855126,0.27814124900820103
La'Mical Perine,0.5813743088601989,2021,0.46863468634686345,0.03966789667896679,0.0,0.5387453874538746,0.7094095940959408,1.0,0.9861623616236161,1.0,0.0,0.5119926199261993,0.0,0.5046125461254612,0.0,0.540590405904059,0.0,0.507380073800738,0.0,0.0,0.0,La'Mical Perine,0.6503690036900369,0.566420664206642,0.7223247232472324,0.8256457564575646,0.43265682656826565,0.2887453874538745,0.2915129151291513,0.44023084434973675,0.21885384379112602
Anthony McFarland,0.6796194655430241,2021,0.5671802429434684,0.08570427350059766,0.45353469797652574,0.0,0.5735056777949709,0.0,0.0,0.4833948339483395,0.9264947152526043,1.0,0.0,0.5046125461254612,0.0,0.540590405904059,0.0,0.507380073800738,0.0,0.0,0.0,Anthony McFarland,0.07656826568265682,0.30073800738007384,0.2029520295202952,0.6678966789667896,0.30073800738007384,0.981549815498155,0.8680811808118081,0.20572263721660988,0.06647794278242318
Ke'Shawn Vaughn,-0.2537095229438149,2021,0.6577490774907748,0.12269372693726938,0.7610701107011071,1.0,0.7961254612546125,0.0,0.0,0.4833948339483395,0.0,0.5119926199261993,0.8145756457564575,0.0,0.0,0.540590405904059,0.0,0.507380073800738,0.0,0.0,0.0,Ke'Shawn Vaughn,0.43265682656826565,0.48800738007380073,0.4280442804428044,0.1992619926199262,0.3459409594095941,0.5719557195571956,0.7785977859778598,0.45733805470579186,0.19427234873234828
Joshua Kelley,0.3848839954945486,2021,0.7075645756457565,0.5821033210332103,0.41605166051660514,1.0,0.0,0.4769372693726937,0.8865313653136531,1.0,0.8754612546125461,0.0,0.0,0.5046125461254612,0.0,0.540590405904059,0.9916974169741697,0.507380073800738,0.0,0.0,0.0,Joshua Kelley,0.6503690036900369,0.4225092250922509,0.37822878228782286,0.8902214022140221,0.6254612546125461,0.1411439114391144,0.22509225092250923,0.37238350777638685,0.16280987588203544
Jason Huntley,1.6866323215419818,2021,0.6356088560885609,0.5931734317343174,0.5581180811808117,1.0,0.746309963099631,1.0,0.0,0.4833948339483395,0.8976014760147601,0.0,0.0,0.5046125461254612,0.9271217712177122,0.0,0.0,0.507380073800738,0.0,0.0,0.0,Jason Huntley,0.21955719557195572,0.050738007380073794,0.8625461254612545,0.06734317343173432,0.06549815498154982,0.44188191881918815,0.7066420664206642,0.16735399756934877,0.007641126784928175
Breece Hall,-1.2361610897720665,2022,0.8172650151491336,0.5075595973087325,0.42038955248001963,1.0,0.0,0.4769372693726937,0.9197696195395519,0.0,0.6408593769953814,1.0,0.0,0.5046125461254612,0.0,0.540590405904059,0.0,0.507380073800738,2.0,0.0,0.0,Breece Hall,0.6503690036900369,0.6014760147601476,0.08487084870848707,0.4221742505609494,0.8911439114391144,0.6568265682657315,0.6042435424354243,0.728386507588595,0.19207540475844773
Kenneth Walker III,-1.113354643918535,2022,0.6195510231025424,0.6883108197696601,0.8245825004760008,0.0,0.6829056080111111,1.0,0.0,0.4833948339483395,0.5369063700072317,0.0,0.0,0.5046125461254612,0.0,0.540590405904059,0.0,0.507380073800738,3.0,0.0,0.0,Kenneth Walker III,0.21955719557195572,0.33487084870848705,0.9437269372693726,0.8607641355916664,0.15129151291512916,0.4206642066420664,0.3856088560885609,0.6195498113464035,0.4395676322085511
Zamir White,0.6550581763723178,2022,0.6398839543229216,0.4429239034009757,0.7161043451362474,0.7259214249236028,0.8654910856108392,0.21225835541001012,0.0,0.4833948339483395,0.6402024589451023,0.0,0.0,0.5046125461254612,0.0,0.540590405904059,0.0,0.507380073800738,0.0,0.0,0.0,Zamir White,0.82380073800738,0.48800738007380073,0.11254612546125461,0.7140221402214022,0.9178966789667896,0.7444649446494465,0.9225092250922509,0.29997819329914205,0.05051115042580365
Isaiah Spiller,0.6796194655430241,2022,0.6056637687481711,0.5497155769861809,0.603313457185664,0.35634037911472133,0.0,0.4769372693726937,0.9362702280879507,0.0,0.7712793161965283,1.0,0.0,0.5046125461254612,0.9310178025588951,0.540590405904059,0.0,0.507380073800738,0.0,0.0,0.0,Isaiah Spiller,0.82380073800738,0.6014760147601476,0.9095940959409594,0.27264991828000473,0.2232472324723247,0.6847014925373134,0.8985239852398523,0.38169642138642,0.0291412349082851
Brian Robinson,0.2866388388117235,2022,0.41325225207891236,0.8540442761010185,0.3561105166726744,1.0,0.9529520295202951,0.0,0.8136531365313653,0.4833948339483395,0.0,0.5119926199261993,0.0,0.5046125461254612,0.0,0.540590405904059,0.0,0.507380073800738,3.0,0.0,0.0,Brian Robinson,0.9870848708487084,0.8081180811808117,0.47785977859778594,0.5202952029520296,0.5018450184501845,0.8007380073800737,0.9815268484635054,0.5608949898753519,0.1743716491705016
Dameon Pierce,0.2866388388117235,2022,0.8668741671994662,0.4814452551256323,0.4416015412706195,1.0,0.8413362115343079,0.0,0.0,0.4833948339483395,0.6053092096866718,1.0,0.0,0.5046125461254612,0.0,0.540590405904059,0.0,0.507380073800738,1.0,0.0,0.0,Dameon Pierce,0.43265682656826565,0.6263837638376384,0.6559040590405905,0.7453874538745386,0.5018450184501845,0.6864417840319883,0.6503690036900369,0.47239088746577546,0.11924943729991562
Tyrion Davis-Price,0.16383239295819202,2022,0.8768582895387965,0.24823814979121972,0.4716049976273126,0.0,0.7388740552318682,0.0,0.0,0.4833948339483395,0.7399310951778946,1.0,0.0,0.5046125461254612,0.0,0.540590405904059,0.0,0.507380073800738,0.0,0.0,0.0,Tyrion Davis-Price,0.82380073800738,0.3920664206642066,0.31826568265682653,0.25,0.3459409594095941,0.7217695666889554,0.6918819188191881,0.2966694173028204,0.2203298353026442
James Cook,-0.5730062821629966,2022,0.7865698826988315,0.48249872565218854,0.0,0.5387453874538746,0.0,0.4769372693726937,0.0,0.4833948339483395,0.6939022369162113,1.0,0.9313258481442789,0.0,0.0,0.540590405904059,0.0,0.507380073800738,2.0,2.0,0.0,James Cook,0.6503690036900369,0.1051660516605166,0.1743542435424354,0.17723880597014924,0.816420664206642,0.39871700927826487,0.5522388059701494,0.28241436216488974,0.1767874279459814
Pierre Strong,0.7778646222258493,2022,0.8746246309673618,0.24969922607202635,0.544652212113452,1.0,0.6566044382486259,0.1975473125078125,0.0,0.4833948339483395,0.6449481020075337,0.0,0.0,0.5046125461254612,0.0,0.540590405904059,0.0,0.507380073800738,0.0,0.0,0.0,Pierre Strong,0.6503690036900369,0.2656826568265683,0.04243542435424354,0.3985239852398524,0.816420664206642,0.7855279265381727,0.9455719557195572,0.2774703215298853,0.04931449230903882
Kyren Williams,1.5392645865177441,2022,0.5074697752362407,0.719769227824784,0.8692536845953093,0.35287461440991935,0.7417752950114257,0.0,0.0,0.4833948339483395,0.8708763799201109,1.0,0.0,0.5046125461254612,0.0,0.540590405904059,0.0,0.507380073800738,2.0,1.0,0.0,Kyren Williams,0.21955719557195572,0.06549815498154982,0.7666051660516604,0.06734317343173432,0.30073800738007384,0.44188191881918815,0.7066420664206642,0.06588311001222188,0.012282667286837278
Rachaad White,0.11470981461677944,2022,0.2625575131948626,0.7647531232119199,0.5788320196678078,1.0,0.8228074624082821,1.0,0.0,0.4833948339483395,0.5387562207473009,1.0,1.0,0.0,0.0,0.540590405904059,0.0,0.507380073800738,2.0,0.0,0.0,Rachaad White,0.82380073800738,0.48800738007380073,0.31826568265682653,0.7140221402214022,0.853321033210332,0.7444649446494465,0.9225092250922509,0.2941884855650845,0.009376281156139631
Tyler Allgeier,1.2199678272985623,2022,0.6420337604254368,0.6526342912976778,0.5246039342853888,0.0,0.0,0.4769372693726937,0.0,0.4833948339483395,0.0,0.5119926199261993,0.0,0.5046125461254612,0.9571765287123386,0.0,0.0,0.507380073800738,0.0,0.0,0.0,Tyler Allgeier,0.6503690036900369,0.7878228782287823,0.6817343173431734,0.5821033210332103,0.5479704797047971,0.5950174463659763,0.4095940959409594,0.5099567623372652,0.25996044963660814
Ty Chandler,1.6620710323712757,2022,0.022343428995058146,1.0,0.9888562085010179,0.3302429659229932,0.7799004422817836,0.0,0.0,0.4833948339483395,0.0,0.5119926199261993,0.0,0.5046125461254612,0.0,0.540590405904059,0.0,0.507380073800738,0.0,0.0,0.0,Ty Chandler,0.6503690036900369,0.1881918819188192,0.8220043599477336,0.5977859778597785,0.11940298507462678,0.467981242312423,0.518450184501845,0.11026903220001513,0.04761034638850149
Snoop Conner,1.2936516948106813,2022,0.22719445461151236,0.068030544273185,0.0,0.5387453874538746,0.887544457880345,0.0,0.0,0.4833948339483395,0.6363099074961044,0.0,0.8505632204963922,0.0,0.0,0.540590405904059,0.0,0.507380073800738,0.0,0.0,0.0,Snoop Conner,0.43265682656826565,0.7370848708487084,0.6559040590405905,0.9317343173431734,0.43265682656826565,0.7896678966789668,0.985239852398524,0.08704794308680924,0.04808266841549405
Jerome Ford,1.342774273152094,2022,0.9630668727827749,0.3367158671586716,0.4228510541884165,0.5387453874538746,0.0,0.4769372693726937,0.0,0.4833948339483395,0.0,0.5119926199261993,0.0,0.5046125461254612,0.0,0.540590405904059,0.0,0.507380073800738,1.0,0.0,0.0,Jerome Ford,0.6503690036900369,0.3699261992619926,0.24354243542435422,0.3025830258302583,0.43265682656826565,0.7195571955719557,0.5590405904059041,0.28651343374351096,0.15910435120589167
Hassan Haskins,0.8761097789086744,2022,0.3340061322536409,0.059264698478604855,0.4446449239330648,0.5387453874538746,0.9529520295202951,1.0,0.0,0.4833948339483395,0.680922204685817,0.0,0.0,0.5046125461254612,0.0,0.540590405904059,0.0,0.507380073800738,0.0,0.0,0.0,Hassan Haskins,0.9870848708487084,0.8671586715867159,0.9645522388059702,0.9455719557195572,0.11194029850746276,0.8007380073800737,0.8680811808118081,0.27738140118183585,0.05034539451169769
Bijan Robinson,-1.9238771865518425,2023,0.8741702275561596,0.4738498425088839,0.4448587505272351,1.0,0.0,0.4769372693726937,0.0,0.4833948339483395,0.7537674699132936,0.0,0.0,0.5046125461254612,0.0,0.540590405904059,0.0,0.507380073800738,2.0,1.0,0.0,Bijan Robinson,0.6503690036900369,0.533210332103321,0.24354243542435422,0.4677121771217712,0.816420664206642,0.8874538745387454,0.9086715867158672,0.8807250972899913,0.578729511382153
Jahmyr Gibbs,-1.8256320298690174,2023,0.46863468634686345,0.8856088560885609,0.0,0.5387453874538746,0.0,0.4769372693726937,0.0,0.4833948339483395,0.0,0.5119926199261993,0.0,0.5046125461254612,0.0,0.540590405904059,0.0,0.507380073800738,0.0,2.0,0.0,Jahmyr Gibbs,0.21955719557195572,0.1051660516605166,0.03228782287822878,0.22324723247232472,0.09870848708487084,0.483369648560342,0.47747418130281566,0.8137093579059608,0.9103907802590805
Israel Abanikanda,1.2199678272985623,2023,0.6213581020921423,0.1995978318175628,0.8224605110762336,0.727092613059225,0.5741238547631505,1.0,0.0,0.4833948339483395,0.0,0.5119926199261993,0.0,0.5046125461254612,0.0,0.540590405904059,0.0,0.507380073800738,0.0,0.0,0.0,Israel Abanikanda,0.43265682656826565,0.566420664206642,0.8473495812802438,0.22324723247232472,0.07749077490774908,0.7333948339483395,0.8985239852398523,0.3331841050597705,0.04146459095069223
De'Von Achane,-0.03265792040745829,2023,0.40405567642240336,0.05719557770688069,0.0,0.5387453874538746,0.0,0.4769372693726937,0.0,0.4833948339483395,0.9704797047970479,1.0,0.0,0.5046125461254612,0.9132854677528982,0.0,0.0,0.507380073800738,1.0,0.0,0.0,De'Von Achane,0.21955719557195572,0.03382915816735807,0.8274907749077491,0.1753018306882098,0.016942898242541846,0.44188191881918815,0.7066420664206642,0.4586697346844081,0.14495178652308174
Zach Charbonnet,-0.8186191738700596,2023,0.03861161934081484,0.0,0.34901913162323644,1.0,0.0,0.4769372693726937,0.8937363315532423,0.0,0.0,0.5119926199261993,0.0,0.5046125461254612,0.0,0.540590405904059,0.0,0.507380073800738,0.0,0.0,0.0,Zach Charbonnet,0.82380073800738,0.48800738007380073,0.47785977859778594,0.7140221402214022,0.7066420664206642,0.7444649446494465,0.9225092250922509,0.6715644410526537,0.21165534233321404
Tyjae Spears,-0.10634178791957716,2023,0.5261224598986773,0.7336430105773913,0.0,0.5387453874538746,0.0,0.4769372693726937,0.9820833808629118,0.0,0.0,0.5119926199261993,0.0,0.5046125461254612,0.0,0.540590405904059,0.0,0.507380073800738,0.0,0.0,0.0,Tyjae Spears,0.43265682656826565,0.13191881918819187,0.959409594095941,0.2952029520295203,0.853321033210332,0.6346863468634686,0.518450184501845,0.3317296589495968,0.24583180806000393
Tank Bigsby,0.06558723627536686,2023,0.9611142362489151,0.3367158671586716,0.0,0.5387453874538746,0.0,0.4769372693726937,0.0,0.4833948339483395,0.0,0.5119926199261993,0.8691150141733565,0.5046125461254612,0.0,0.540590405904059,0.0,0.507380073800738,0.0,0.0,0.0,Tank Bigsby,0.82380073800738,0.3699261992619926,0.5774907749077491,0.1992619926199262,0.5018450184501845,0.8071955719557196,0.7601476014760147,0.4272463147315264,0.3449627959040536
Chase Brown,1.7111936107126882,2023,0.32652188947354827,0.8060790793095732,0.5259906051378049,1.0,0.9529520295202951,0.0,0.0,0.4833948339483395,0.0,0.5119926199261993,0.0,0.5046125461254612,0.0,0.540590405904059,0.0,0.507380073800738,0.0,0.0,0.0,Chase Brown,0.43265682656826565,0.33487084870848705,0.19649446494464945,0.3985239852398524,0.9095940959409594,0.7828777267364515,0.802002831349068,0.1464574389157345,0.02721821633846372
Kendre Miller,-0.35195467962664007,2023,0.09594095940959409,0.3367158671586716,0.8680701334273306,0.0,0.9529520295202951,1.0,0.0,0.4833948339483395,0.9226791055902722,0.0,0.0,0.5046125461254612,0.0,0.540590405904059,0.0,0.507380073800738,0.0,0.0,0.0,Kendre Miller,0.6503690036900369,0.533210332103321,0.8837638376383764,0.4677121771217712,0.30073800738007384,0.8874538745387454,0.9086715867158672,0.3183967663225673,0.06463113100179395
Roschon Johnson,0.5568130196894926,2023,0.12885127192084306,0.7455362850835623,0.8654157065384032,0.0,0.0,0.4769372693726937,0.0,0.4833948339483395,0.6437465622185654,0.7970479704772158,0.0,0.5046125461254612,0.0,0.540590405904059,0.0,0.507380073800738,0.0,0.0,0.0,Roschon Johnson,0.82380073800738,0.6402214022140221,0.6365313653136531,0.5055350553505535,0.7066420664206642,0.6826568265682657,0.8514760147601476,0.27745027348820317,0.05521439655834779
Jonathon Brooks,-0.9905481980650036,2024,0.6048209216934614,0.6909442998379344,0.0,0.5387453874538746,0.0,0.4769372693726937,0.0,0.4833948339483395,0.9250608291053273,0.0,0.0,0.5046125461254612,0.0,0.540590405904059,0.0,0.507380073800738,0.0,0.0,0.0,Jonathon Brooks,0.82380073800738,0.566420664206642,0.8376865671641792,0.2952029520295203,0.2129755508081396,0.7250922509225092,0.8597785977859779,0.6035662994032652,0.5729864736529001
Jaylen Wright,0.7287420438844366,2024,0.8246911792676415,0.2518836195583595,0.5518321274048296,0.5387453874538746,0.8243851683408758,1.0,0.0,0.4833948339483395,0.0,0.5119926199261993,0.0,0.5046125461254612,0.0,0.540590405904059,0.0,0.507380073800738,0.0,0.0,0.0,Jaylen Wright,0.6503690036900369,0.3699261992619926,0.05627306273062731,0.3025830258302583,1.0,0.7195571955719557,0.5590405904059041,0.3162212140843379,0.07597739520014814
Trey Benson,-0.4993224146508778,2024,0.7599544284367148,0.5756463665050395,0.47937954998639853,0.0,0.8679259216889958,0.0,0.0,0.4833948339483395,0.5239852398523985,0.5119926199261993,0.0,0.5046125461254612,0.0,0.540590405904059,0.0,0.507380073800738,0.0,0.0,0.0,Trey Benson,0.82380073800738,0.566420664206642,0.08487084870848707,0.2952029520295203,0.7066420664206642,0.7250922509225092,0.8597785977859779,0.4865247839786233,0.44086122758778284
MarShawn Lloyd,0.06558723627536686,2024,0.6429891056833691,0.65127497697888,0.7985628604449576,0.0,0.625151924937745,1.0,0.0,0.4833948339483395,0.0,0.5119926199261993,0.0,0.5046125461254612,0.0,0.540590405904059,0.0,0.507380073800738,0.0,0.0,0.0,MarShawn Lloyd,0.21955719557195572,0.6715867158671587,0.24354243542435422,0.9317343173431734,0.43265682656826565,0.8265682656826567,0.6752767527675276,0.6100226996272413,0.2265248171920614
Tyrone Tracy Jr.,1.7848774782248071,2024,0.40140339148126647,0.843817709074338,0.41174147982294446,1.0,0.0,0.4769372693726937,0.0,0.4833948339483395,0.0,0.5119926199261993,0.0,0.5046125461254612,0.0,0.540590405904059,0.0,0.507380073800738,1.0,0.0,0.0,Tyrone Tracy Jr.,0.6503690036900369,0.33487084870848705,0.31826568265682653,0.22324723247232472,0.816420664206642,0.056278216413449024,0.03136531365313653,0.11176873597777862,0.06725273528553503
Ray Davis,0.925232357250087,2024,0.7291683486204517,0.6033079408688751,0.0,0.5387453874538746,0.8866718331538616,0.0,0.0,0.4833948339483395,0.0,0.5119926199261993,0.0,0.5046125461254612,0.0,0.540590405904059,0.0,0.507380073800738,0.0,0.0,0.0,Ray Davis,0.6503690036900369,0.533210332103321,0.8837638376383764,0.4677121771217712,0.30073800738007384,0.8874538745387454,0.9086715867158672,0.3213929573794758,0.30687530711647937
Will Shipley,0.9006710680793807,2024,0.7320466691589589,0.5624347330896557,0.6771692716896851,0.0,0.5701828498094542,0.0,0.8899359422014168,0.4833948339483395,0.5695995597224788,1.0,0.0,0.5046125461254612,0.0,0.540590405904059,0.0,0.507380073800738,0.0,0.0,0.0,Will Shipley,0.6503690036900369,0.2333948339483395,0.8274907749077491,0.3985239852398524,0.13099630996309963,0.764760147601476,0.9455719557195572,0.22929856005634888,0.05066638802528821
Blake Corum,-0.08178049874887086,2024,0.46863468634686345,0.8856088560885609,0.0,0.5387453874538746,0.9354243430961175,0.0,0.0,0.4833948339483395,0.5668445209755714,0.0,0.0,0.5046125461254612,0.0,0.540590405904059,0.0,0.507380073800738,0.0,0.0,0.0,Blake Corum,0.07656826568265682,0.20756457564575645,0.47785977859778594,0.9455719557195572,0.2776752767527675,0.057835820895522444,0.06918819188191883,0.25549605027577194,0.5341347851027559
Isaac Guerendo,0.9497936464207932,2024,0.09594095940959409,1.0,0.0,0.5387453874538746,1.0,0.2111333800355638,0.0,0.4833948339483395,0.0,0.5119926199261993,0.0,0.5046125461254612,0.0,0.540590405904059,0.0,0.507380073800738,0.0,0.0,0.0,Isaac Guerendo,0.82380073800738,0.7103321033210332,0.001865671641791022,0.5821033210332103,0.9261992619926199,0.12686567164179102,0.09040590405904059,0.15807312269700444,0.2839936734017469
Braelon Allen,1.0726000922743246,2024,0.975922504563639,0.2906110870228713,0.0,0.5387453874538746,0.6322606273648111,1.0,0.0,0.4833948339483395,0.540599707381252,0.0,0.0,0.5046125461254612,0.0,0.540590405904059,0.0,0.507380073800738,0.0,0.0,0.0,Braelon Allen,0.9391143911439115,0.9605522792388046,0.9225092250922509,0.9372693726937269,0.3459409594095941,0.6051660516605166,0.9621771217712176,0.3635717284911445,0.13658310706938004
Audric Estim,1.3182129839813876,2024,0.12645903624083354,0.024368375346852888,0.0,0.5387453874538746,0.8340040374344931,0.0,0.0,0.4833948339483395,0.0,0.5119926199261993,0.9722190329189029,1.0,0.0,0.540590405904059,0.0,0.507380073800738,0.0,0.0,0.0,Audric Estim,0.6503690036900369,0.7103321033210332,0.8246989676313607,0.8902214022140221,0.853321033210332,1.0,0.7435424354243543,0.1419520053888263,0.057154467739808715
Rasheen Ali,1.7603161890541008,2024,0.7611666187527,0.5756378771412909,0.6845413394066346,0.0,0.0,0.4769372693726937,0.0,0.4833948339483395,0.5552655409592373,1.0,0.0,0.5046125461254612,0.0,0.540590405904059,0.0,0.507380073800738,0.0,0.0,0.0,Rasheen Ali,0.6503690036900369,0.2333948339483395,0.8274907749077491,0.3985239852398524,0.13099630996309963,0.764760147601476,0.9455719557195572,0.14382984933912338,0.027269671041893886
Bucky Irving,0.8515484897379682,2024,0.46863468634686345,0.8856088560885609,0.0,0.5387453874538746,0.0,0.4769372693726937,0.0,0.4833948339483395,0.9704797047970479,0.0,0.0,0.5046125461254612,0.0,0.540590405904059,0.0,0.507380073800738,0.0,0.0,0.0,Bucky Irving,0.21955719557195572,0.03874538745387454,0.5470479704797049,0.06734317343173432,0.26476014760147604,0.44188191881918815,0.7066420664206642,0.11013758524130973,0.090349850001763
Sione Vaki,1.0234775139329122,2024,0.3358058244220399,0.8135975176923038,0.38567088274606476,0.0,0.9067340455762026,0.0,0.0,0.4833948339483395,0.0,0.5119926199261993,0.0,0.5046125461254612,0.9647745123810271,0.0,0.0,0.507380073800738,0.0,0.0,0.0,Sione Vaki,0.82380073800738,0.3699261992619926,0.9128832890794237,0.1992619926199262,0.13099630996309963,0.8071955719557196,0.7601476014760147,0.3604344646625006,0.24769914713899638
Ashton Jeanty,-1.9729997648932551,2025,0.7513599168011502,0.5784541646190602,0.42093019310643304,0.5387453874538746,0.0,0.4769372693726937,0.934874864393504,0.06088561056700503,0.5350553505535055,1.0,0.7933580186859053,1.0,0.9235146048519671,0.0,0.0,0.507380073800738,0.0,,,Ashton Jeanty,0.21955719557195572,0.3920664206642066,0.9095940959409589,0.7324723247232472,0.25276752767527677,0.47016228226798407,0.8118081180811808,0.9184795859556418,0.3200957419978816
TreVeyon Henderson,-1.1870385114306539,2025,0.6623550030351046,0.12688287786452326,0.6868854735536113,1.0,0.579033957127211,0.0,0.8655003969341366,1.0,0.8135181238808543,0.7929084733064852,0.0,0.5046125461254612,0.9003690036909598,1.0,0.0,0.507380073800738,0.0,,,TreVeyon Henderson,0.43265682656826565,0.14760147601476015,0.19649446494464945,0.17910447761194026,0.9178966789667896,0.6789667896678966,0.5590405904059041,0.7741587202206572,0.1539921679807518
Omarion Hampton,-1.5800191381619544,2025,0.5915683262392444,0.631985207467843,0.7844276208878279,0.35066003042626154,0.7816483329467852,1.0,0.84686359318852,0.0,0.70243946867718,0.0,0.0,0.5046125461254612,0.8985239852398526,0.0,0.0,0.507380073800738,0.0,,,Omarion Hampton,0.82380073800738,0.7103321033210332,0.24354243542435422,0.4437269372693727,0.9437269372693726,0.764760147601476,0.466789667896679,0.8121651474327368,0.21125704470870874
Dylan Sampson,0.8269872005672618,2025,0.7165813902463201,0.201414348747108,0.5225067353378531,1.0,0.7416630934627881,1.0,0.9271899165376274,0.9044856755780949,0.5759441266835681,1.0,0.8432353999448764,1.0,0.0,0.540590405904059,0.0,0.507380073800738,0.0,,,Dylan Sampson,0.07656826568265682,0.11623616236162361,0.8395298688503259,0.045202952029520294,0.816420664206642,0.5153683954421964,0.6319188191881919,0.20133575688970912,0.0040039615146305
Quinshon Judkins,-1.2361610897720665,2025,0.04976793600826365,1.0,0.8853234566016235,0.0,0.6753433380091566,1.0,0.0,0.4833948339483395,0.0,0.5119926199261993,0.8357934721624111,1.0,0.9797047970479704,0.09040590405904059,0.0,0.507380073800738,0.0,,,Quinshon Judkins,0.82380073800738,0.7103321033210332,0.31826568265682653,0.5821033210332103,0.9889298892988929,0.764760147601476,0.584870848708487,0.8300827942747165,0.21927317531891136
Bhayshul Tuten,0.2866388388117235,2025,0.7508497454486716,0.1586565298464232,0.0,0.5387453874538746,0.8264880581222945,1.0,0.892269184617795,1.0,0.0,0.5119926199261993,0.895822377540544,1.0,0.9327991297754944,1.0,0.0,0.507380073800738,0.0,,,Bhayshul Tuten,0.21955719557195572,0.2333948339483395,0.0,0.5977859778597785,0.9437269372693726,0.6392358644083336,0.503690036900369,0.5174663498578117,0.07278132502391921
Kaleb Johnson,-0.08178049874887086,2025,0.7688039205347044,0.25377149777972896,0.5552492368599106,0.3543080354934146,0.0,0.4769372693726937,0.839485333738013,0.0,0.0,0.5119926199261993,0.8722953116201293,0.0,0.9207523735338166,0.0,0.0,0.507380073800738,0.0,,,Kaleb Johnson,0.9391143911439115,0.7878228782287823,0.6097785977859778,0.6678966789667896,0.20571955719557194,0.4898523985239852,0.48523985239852396,0.6450504599659678,0.25649766284090003
Jordan James,1.2445291164692687,2025,0.3433694407238856,0.02753010493782929,0.9811360998285862,0.7579460032474893,0.0,0.4769372693726937,0.0,0.4833948339483395,0.0,0.5119926199261993,0.0,0.5046125461254612,0.0,0.540590405904059,0.0,0.507380073800738,0.0,,,Jordan James,0.43265682656826565,0.20756457564575645,0.5470479704797049,0.4824723247232472,0.3459409594095941,0.6621828675034149,0.5239852398523985,0.25489348024180636,0.04710981604546495
Cam Skattebo,0.31120012798242974,2025,0.40505985629577373,0.8468436063756057,0.3357936505718808,1.0,0.9269545394858171,0.0,0.0,0.4833948339483395,0.7143506017175812,0.0,0.0,0.5046125461254612,0.0,0.540590405904059,0.9815499917904023,1.0,0.0,,,Cam Skattebo,0.43265682656826565,0.6402214022140221,0.983104533842541,0.5055350553505535,0.768450184501845,0.7121771217712177,0.3489551473054838,0.17876195603045236,0.18794602185073364
Trevor Etienne,0.5322517305187864,2025,0.46863468634686345,0.8856088560885609,0.0,0.5387453874538746,0.0,0.4769372693726937,0.0,0.4833948339483395,0.0,0.5119926199261993,0.0,0.5046125461254612,0.0,0.540590405904059,0.0,0.507380073800738,0.0,,,Trevor Etienne,0.21955719557195572,0.09686346863468634,0.1743542435424354,0.13468634686346861,0.816420664206642,0.4538745387453882,0.5931734317343174,0.27334120994709676,0.2717977611174654
Woody Marks,0.5813743088601989,2025,0.0356188446609705,0.3367158671586716,0.0,0.5387453874538746,0.0,0.4769372693726937,0.0,0.4833948339483395,1.0,0.795081244415964,0.0,0.5046125461254612,0.0,0.540590405904059,0.0,0.507380073800738,0.0,,,Woody Marks,0.43265682656826565,0.2656826568265683,0.5156826568265682,0.4437269372693727,0.5018450184501845,0.6604477611940296,0.1706642066420664,0.11866019055768806,0.0765546465961064
Jarquez Hunter,0.6059355980309052,2025,0.692331799542959,0.13855301382762242,0.7456321438295289,1.0,0.755797360968138,0.0,0.0,0.4833948339483395,0.5332103321033658,1.0,0.0,0.5046125461254612,0.0,0.540590405904059,0.0,0.507380073800738,0.0,,,Jarquez Hunter,0.21955719557195572,0.1881918819188192,0.2029520295202952,0.7453874538745386,0.5479704797047971,0.7121771217712177,0.5443327096160478,0.3278316236323063,0.04413890907012586
Jaydon Blue,1.3182129839813876,2025,0.9347018159148539,0.3367158671586716,0.4981343133305673,0.5387453874538746,0.0,0.4769372693726937,0.0,0.4833948339483395,0.525830258302583,0.0,0.0,0.5046125461254612,0.0,0.540590405904059,0.0,0.507380073800738,0.0,,,Jaydon Blue,0.21955719557195572,0.07835820895522388,0.05627306273062731,0.41697416974169743,0.25720686275012966,0.44188191881918815,0.5931734317343174,0.17782542554701025,0.08624774161946869
DJ Giddens,1.3673355623228,2025,1.0,0.3367158671586716,0.0,0.5387453874538746,0.0,0.4769372693726937,0.0,0.4833948339483395,0.0,0.5119926199261993,0.0,0.5046125461254612,0.0,0.540590405904059,0.0,0.507380073800738,0.0,,,DJ Giddens,0.82380073800738,0.4225092250922509,0.19649446494464945,0.7324723247232472,0.9437269372693726,0.7406716417910448,0.35239852398523985,0.2712179242335705,0.22063581007569177
Trent Richardson,-2.046683632405374,2011,0.24815498154981547,0.7555350553505535,0.4086715867158671,1.0,0.0,0.4769372693726937,0.0,0.4833948339483395,0.0,0.5119926199261993,0.9400369003690037,0.904981549815498,0.0,0.540590405904059,0.0,0.507380073800738,3.0,0.0,0.0,Trent Richardson,0.21955719557195572,0.8671586715867159,0.31826568265682653,0.4824723247232472,0.03505535055350553,0.9123616236162362,0.8514760147601476,0.9184574697293713,0.6902669558718997
Lamar Miller,0.2866388388117235,2011,0.008302583025830259,1.0,0.7204797047970479,1.0,0.0,0.4769372693726937,0.0,0.4833948339483395,0.0,0.5119926199261993,0.0,0.5046125461254612,0.0,0.540590405904059,0.0,0.507380073800738,6.0,1.0,0.0,Lamar Miller,0.6503690036900369,0.4225092250922509,0.00922509225092251,0.7140221402214022,0.2776752767527675,0.6199261992619927,0.570110701107011,0.5298027664261629,0.15191401449299288
David Wilson,-1.3344062464548916,2011,0.3108856088560885,0.5046125461254612,0.30904059040590404,1.0,0.0,0.4769372693726937,0.0,0.4833948339483395,0.0,0.5119926199261993,0.8920664206642066,1.0,0.0,0.540590405904059,0.0,0.507380073800738,0.0,0.0,0.0,David Wilson,0.43265682656826565,0.2333948339483395,0.05627306273062731,0.4824723247232472,0.9889298892988929,0.25,0.06918819188191883,0.6356359844847508,0.460215014287109
Isaiah Pead,-0.8923030413821784,2011,0.224169741697417,0.9197416974169741,0.0,0.5387453874538746,0.0,0.4769372693726937,0.9400369003690037,0.4833948339483395,0.9704797047970479,0.0,0.0,0.5046125461254612,0.0,0.540590405904059,0.0,0.507380073800738,0.0,0.0,0.0,Isaiah Pead,0.43265682656826565,0.08487084870848707,0.08487084870848707,0.1992619926199262,0.30073800738007384,0.1411439114391144,0.3284132841328413,0.3402310314636908,0.3517932035160356
LaMichael James,-0.6221288605044092,2011,0.2370848708487085,0.768450184501845,0.0,0.5387453874538746,0.0,0.4769372693726937,0.0,0.4833948339483395,0.0,0.5119926199261993,0.0,0.5046125461254612,0.0,0.540590405904059,0.0,0.507380073800738,0.0,0.0,0.0,LaMichael James,0.07656826568265682,0.06549815498154982,0.02029520295202952,0.13468634686346861,0.768450184501845,0.08118081180811808,0.06918819188191883,0.39915558066907353,0.6629656323468254
Ronnie Hillman,-0.4501998363094652,2011,0.5359778597785978,0.3367158671586716,0.44926199261992616,0.5387453874538746,0.0,0.4769372693726937,0.9787822878228782,0.4833948339483395,0.0,0.5119926199261993,0.0,0.5046125461254612,0.0,0.540590405904059,0.0,0.507380073800738,1.0,0.0,0.0,Ronnie Hillman,0.21955719557195572,0.11623616236162361,0.1743542435424354,0.3413284132841329,0.3856088560885609,0.5055350553505534,0.503690036900369,0.5837907627330259,0.34131387240636357
Robert Turbin,0.5076904413480801,2011,0.09594095940959409,1.0,0.0,0.5387453874538746,0.0,0.4769372693726937,0.82380073800738,1.0,0.9704797047970479,0.0,0.0,0.5046125461254612,0.0,0.540590405904059,0.0,0.507380073800738,0.0,0.0,0.0,Robert Turbin,0.43265682656826565,0.7370848708487084,0.1743542435424354,0.9612546125461254,0.7066420664206642,0.3191881918819188,0.2915129151291513,0.30216110818793995,0.14590080602387087
Doug Martin,-1.358967535625598,2011,0.09594095940959409,0.0,0.0,0.5387453874538746,0.0,0.4769372693726937,0.0,0.4833948339483395,0.0,0.5119926199261993,1.0,0.5046125461254612,0.0,0.540590405904059,0.0,0.507380073800738,7.0,2.0,1.0,Doug Martin,0.21955719557195572,0.7629151291512914,0.24354243542435422,0.9612546125461254,0.5479704797047971,0.04428044280442804,0.10239852398523985,0.637186866679985,0.7658698998873154
Chris Rainey,1.612948454029863,2011,0.3920664206642066,0.39575645756457567,0.9409594095940959,0.5387453874538746,0.6356088560885609,1.0,0.0,0.4833948339483395,0.6023985239852399,0.0,0.0,0.5046125461254612,0.0,0.540590405904059,0.0,0.507380073800738,0.0,0.0,0.0,Chris Rainey,0.07656826568265682,0.027675276752767528,0.03228782287822878,0.25,0.5479704797047971,0.0,0.0,0.05105237274330756,0.013627979498834042
Bernard Pierce,-0.03265792040745829,2011,0.09594095940959409,0.0,0.9409594095940959,1.0,0.0,0.4769372693726937,0.0,0.4833948339483395,0.0,0.5119926199261993,0.0,0.5046125461254612,0.0,0.540590405904059,0.0,0.507380073800738,0.0,0.0,0.0,Bernard Pierce,0.82380073800738,0.6263837638376384,0.2177121771217712,0.3413284132841329,0.768450184501845,0.2269372693726937,0.22509225092250923,0.49170346567101875,0.20202978229065616
Trent Richardson,-2.046683632405374,2012,0.3053505535055351,0.48616236162361626,0.0,0.5387453874538746,0.0,0.4769372693726937,0.0,0.4833948339483395,0.0,0.5119926199261993,0.8994464944649446,1.0,0.0,0.540590405904059,0.0,0.507380073800738,3.0,0.0,0.0,Trent Richardson,0.21955719557195572,0.8671586715867159,0.31826568265682653,0.4824723247232472,0.03505535055350553,0.9123616236162362,0.8514760147601476,0.8965654688400907,0.8570824365285965
Lamar Miller,0.2866388388117235,2012,0.646678966789668,0.3367158671586716,0.0,0.5387453874538746,0.0,0.4769372693726937,0.9566420664206642,0.4833948339483395,0.0,0.5119926199261993,0.0,0.5046125461254612,0.0,0.540590405904059,0.0,0.507380073800738,6.0,1.0,0.0,Lamar Miller,0.6503690036900369,0.4225092250922509,0.00922509225092251,0.7140221402214022,0.2776752767527675,0.6199261992619927,0.570110701107011,0.530571490269614,0.3735432401338689
David Wilson,-1.3344062464548916,2012,0.38099630996309963,0.8404059040590406,0.0,0.5387453874538746,0.0,0.4769372693726937,0.0,0.4833948339483395,0.0,0.5119926199261993,0.8256457564575646,1.0,0.0,0.540590405904059,0.0,0.507380073800738,0.0,0.0,0.0,David Wilson,0.43265682656826565,0.2333948339483395,0.05627306273062731,0.4824723247232472,0.9889298892988929,0.25,0.06918819188191883,0.5921082779604225,0.6791292026227901
Isaiah Pead,-0.8923030413821784,2012,0.6097785977859778,0.3367158671586716,0.0,0.5387453874538746,0.0,0.4769372693726937,0.9677121771217712,0.4833948339483395,0.0,0.5119926199261993,0.0,0.5046125461254612,0.0,0.540590405904059,0.0,0.507380073800738,0.0,0.0,0.0,Isaiah Pead,0.43265682656826565,0.08487084870848707,0.08487084870848707,0.1992619926199262,0.30073800738007384,0.1411439114391144,0.3284132841328413,0.6084006271040516,0.6974532534610274
LaMichael James,-0.6221288605044092,2012,0.294280442804428,0.7905904059040589,0.5987084870848709,1.0,0.0,0.4769372693726937,0.0,0.4833948339483395,0.9704797047970479,0.0,0.0,0.5046125461254612,0.0,0.540590405904059,0.0,0.507380073800738,0.0,0.0,0.0,LaMichael James,0.07656826568265682,0.06549815498154982,0.02029520295202952,0.13468634686346861,0.768450184501845,0.08118081180811808,0.06918819188191883,0.2949186251727872,0.15988040798354755
Ronnie Hillman,-0.4501998363094652,2012,0.09594095940959409,1.0,0.0,0.5387453874538746,0.0,0.4769372693726937,0.0,0.4833948339483395,0.9704797047970479,0.0,0.0,0.5046125461254612,0.0,0.540590405904059,0.0,0.507380073800738,1.0,0.0,0.0,Ronnie Hillman,0.21955719557195572,0.11623616236162361,0.1743542435424354,0.3413284132841329,0.3856088560885609,0.5055350553505534,0.503690036900369,0.2743210009283576,0.27735256759810556
Robert Turbin,0.5076904413480801,2012,0.39760147601476015,0.39022140221402213,0.9409594095940959,0.5387453874538746,0.5931734317343174,1.0,0.0,0.4833948339483395,0.5968634686346863,0.0,0.0,0.5046125461254612,0.0,0.540590405904059,0.0,0.507380073800738,0.0,0.0,0.0,Robert Turbin,0.43265682656826565,0.7370848708487084,0.1743542435424354,0.9612546125461254,0.7066420664206642,0.3191881918819188,0.2915129151291513,0.3179334206558391,0.05661722573982261
Doug Martin,-1.358967535625598,2012,0.29981549815498154,0.19649446494464945,0.0,0.5387453874538746,0.0,0.4769372693726937,0.9031365313653137,1.0,0.0,0.5119926199261993,1.0,0.5046125461254612,0.0,0.540590405904059,0.0,0.507380073800738,7.0,2.0,1.0,Doug Martin,0.21955719557195572,0.7629151291512914,0.24354243542435422,0.9612546125461254,0.5479704797047971,0.04428044280442804,0.10239852398523985,0.7724166355080735,0.7456581923282728
Chris Rainey,1.612948454029863,2012,1.0,0.3367158671586716,0.0,0.5387453874538746,0.0,0.4769372693726937,0.0,0.4833948339483395,0.0,0.5119926199261993,0.0,0.5046125461254612,0.0,0.540590405904059,0.0,0.507380073800738,0.0,0.0,0.0,Chris Rainey,0.07656826568265682,0.027675276752767528,0.03228782287822878,0.25,0.5479704797047971,0.0,0.0,0.11753200430033683,0.23809853355005972
Bernard Pierce,-0.03265792040745829,2012,0.4215867158671587,0.8625461254612545,0.3459409594095941,1.0,0.0,0.4769372693726937,0.0,0.4833948339483395,0.0,0.5119926199261993,0.0,0.5046125461254612,0.0,0.540590405904059,0.0,0.507380073800738,0.0,0.0,0.0,Bernard Pierce,0.82380073800738,0.6263837638376384,0.2177121771217712,0.3413284132841329,0.768450184501845,0.2269372693726937,0.22509225092250923,0.5251281088472376,0.4173875366620524
Giovani Bernard,-1.2115998006013602,2013,0.3865313653136531,0.4012915129151291,0.0,0.5387453874538746,0.9308118081180812,0.4769372693726937,0.8625461254612545,0.0,0.0,0.5119926199261993,0.0,0.5046125461254612,0.0,0.540590405904059,0.0,0.507380073800738,2.0,0.0,0.0,Giovani Bernard,0.07656826568265682,0.14760147601476015,0.47785977859778594,0.551660516605166,0.7066420664206642,0.11439114391143912,0.06918819188191883,0.44103365055235083,0.5754252103370833
Eddie Lacy,-0.6221288605044092,2013,0.3404059040590406,0.816420664206642,0.0,0.5387453874538746,0.0,0.4769372693726937,0.0,0.4833948339483395,0.6725092250922509,1.0,0.0,0.5046125461254612,0.9797047970479704,0.0,0.0,0.507380073800738,3.0,1.0,0.0,Eddie Lacy,0.6503690036900369,0.9234317343173432,0.5470479704797049,0.5977859778597785,0.24077490774907748,0.8736162361623616,0.5784132841328413,0.8307321873476239,0.47570669603347826
Joseph Randle,1.4655807190056254,2013,0.3643911439114391,0.28136531365313655,0.4566420664206642,0.0,0.7297047970479704,1.0,0.0,0.4833948339483395,0.0,0.5119926199261993,0.0,0.5046125461254612,0.0,0.540590405904059,0.0,0.507380073800738,0.0,0.0,0.0,Joseph Randle,0.82380073800738,0.1881918819188192,0.7416974169741697,0.38099630996309963,0.768450184501845,0.8145756457564575,1.0,0.1342229366394793,0.031781617666223984
Montee Ball,-0.695812728016528,2013,0.46863468634686345,0.8856088560885609,0.0,0.5387453874538746,0.5452029520295203,1.0,0.8440959409594095,0.0,0.9400369003690037,0.0,0.0,0.5046125461254612,0.0,0.540590405904059,0.0,0.507380073800738,0.0,0.0,0.0,Montee Ball,0.43265682656826565,0.48800738007380073,0.7924354243542435,0.13468634686346861,0.43265682656826565,0.08118081180811808,0.466789667896679,0.2617275460274072,0.1847016456349336
Stepfan Taylor,1.1954065381278562,2013,0.1559040590405904,0.08210332103321033,0.3773062730627306,1.0,0.0,0.4769372693726937,0.0,0.4833948339483395,0.9197416974169741,1.0,0.0,0.5046125461254612,0.0,0.540590405904059,0.0,0.507380073800738,0.0,0.0,0.0,Stepfan Taylor,0.21955719557195572,0.48800738007380073,0.8994464944649446,0.3413284132841329,0.02121771217712177,0.2887453874538745,0.7924354243542435,0.15898391768821996,0.020809033093508338
Marcus Lattimore,1.0726000922743246,2013,0.1429889298892989,0.6946494464944649,0.0,0.5387453874538746,0.0,0.4769372693726937,0.0,0.4833948339483395,0.8865313653136531,0.22970479704797048,0.8321033210332103,0.0,1.0,0.08579335793357934,0.0,0.507380073800738,0.0,0.0,0.0,Marcus Lattimore,0.6503690036900369,0.7103321033210332,0.7666051660516604,0.6273062730627306,0.37177121771217714,1.0,0.7435424354243543,0.2262363365894149,0.038686360482333364
Johnathan Franklin,0.925232357250087,2013,0.01937269372693727,1.0,0.9843173431734318,0.716789667896679,0.9529520295202951,0.0,0.0,0.4833948339483395,0.0,0.5119926199261993,0.0,0.5046125461254612,0.0,0.540590405904059,0.0,0.507380073800738,0.0,0.0,0.0,Johnathan Franklin,0.43265682656826565,0.20756457564575645,0.37822878228782286,0.4437269372693727,0.26476014760147604,0.0977859778597786,0.2915129151291513,0.1761263295215662,0.08846148046758916
Christine Michael,-0.597567571333703,2013,0.5119926199261993,0.6743542435424354,0.8274907749077491,1.0,0.0,0.4769372693726937,0.9621771217712176,0.0,0.9086715867158672,0.0,0.7795202952029521,0.0,0.0,0.540590405904059,0.0,0.507380073800738,1.0,0.0,0.0,Christine Michael,0.43265682656826565,0.6715867158671587,0.5156826568265682,0.9455719557195572,0.853321033210332,0.01937269372693727,0.024907749077490774,0.2995601855571335,0.05785697069634576
Le'Veon Bell,-0.941425619723591,2013,0.46863468634686345,0.8856088560885609,0.0,0.5387453874538746,0.0,0.4769372693726937,0.0,0.4833948339483395,0.0,0.5119926199261993,0.0,0.5046125461254612,0.0,0.540590405904059,0.0,0.507380073800738,5.0,3.0,2.0,Le'Veon Bell,0.9391143911439115,0.9068265682656826,0.6817343173431734,0.9243542435424354,0.43265682656826565,0.027675276752767528,0.1706642066420664,0.7657902013346116,0.893549875973197
Mike Gillislee,1.7848774782248071,2013,0.09594095940959409,1.0,0.0,0.5387453874538746,0.0,0.4769372693726937,0.0,0.4833948339483395,0.9704797047970479,0.0,0.0,0.5046125461254612,0.0,0.540590405904059,0.0,0.507380073800738,0.0,0.0,0.0,Mike Gillislee,0.6503690036900369,0.30073800738007384,0.5470479704797049,0.13468634686346861,0.5018450184501845,0.272140221402214,0.466789667896679,0.038267448797848796,0.03504833880781156
Knile Davis,0.2866388388117235,2013,0.9437269372693726,0.268450184501845,0.0,0.5387453874538746,0.0,0.4769372693726937,0.0,0.4833948339483395,0.6319188191881919,1.0,0.8551660516605166,1.0,0.0,0.540590405904059,0.0,0.507380073800738,0.0,0.0,0.0,Knile Davis,0.6503690036900369,0.8496309963099631,0.04243542435424354,0.9916974169741697,0.6254612546125461,0.16051660516605165,0.44926199261992616,0.4296332264239904,0.18327302669866996
Carlos Hyde,-0.7203740171872344,2014,0.8339483394833949,0.21125461254612543,0.0,0.5387453874538746,0.0,0.4769372693726937,0.0,0.4833948339483395,0.8219557195571956,1.0,0.0,0.5046125461254612,0.0,0.540590405904059,0.9621771217712176,1.0,4.0,0.0,0.0,Carlos Hyde,0.82380073800738,0.9068265682656826,0.7223247232472324,0.551660516605166,0.2232472324723247,0.9372693726937269,0.8800738007380073,0.643537385668765,0.5523265451618495
Jeremy Hill,-0.7694965955286469,2014,0.09594095940959409,0.3367158671586716,0.9409594095940959,1.0,0.9529520295202951,0.0,0.0,0.4833948339483395,0.0,0.5119926199261993,0.0,0.5046125461254612,0.0,0.540590405904059,0.0,0.507380073800738,3.0,0.0,0.0,Jeremy Hill,0.9391143911439115,0.9455719557195572,0.5774907749077491,0.6678966789667896,0.16697416974169743,0.6051660516605166,0.9621771217712176,0.7890409006234889,0.390218536229979
Ka'Deem Carey,0.6550581763723178,2014,0.764760147601476,0.5710332103321033,0.6817343173431734,0.0,0.0,0.4769372693726937,0.0,0.4833948339483395,0.5452029520295203,1.0,0.0,0.5046125461254612,0.0,0.540590405904059,0.0,0.507380073800738,0.0,0.0,0.0,Ka'Deem Carey,0.21955719557195572,0.2656826568265683,0.8182656826568266,0.551660516605166,0.26476014760147604,0.23892988929889297,0.44926199261992616,0.2620179482177922,0.13266539980648226
Tre Mason,-0.27827081211452115,2014,0.46863468634686345,0.8856088560885609,0.0,0.5387453874538746,0.0,0.4769372693726937,0.0,0.4833948339483395,0.0,0.5119926199261993,1.0,0.0,0.0,0.540590405904059,0.0,0.507380073800738,1.0,0.0,0.0,Tre Mason,0.07656826568265682,0.2656826568265683,0.4114391143911439,0.5202952029520296,0.8911439114391144,0.9898523985239852,0.09040590405904059,0.30586705975053696,0.3326616977623695
Devonta Freeman,0.31120012798242974,2014,0.8459409594095941,0.22232472324723246,0.3404059040590406,1.0,0.8514760147601477,1.0,0.0,0.4833948339483395,0.0,0.5119926199261993,0.7905904059040589,1.0,0.0,0.540590405904059,0.0,0.507380073800738,4.0,2.0,0.0,Devonta Freeman,0.07656826568265682,0.2333948339483395,0.6365313653136531,0.28136531365313655,0.43265682656826565,0.2666051660516605,0.19464944649446492,0.30336137524350437,0.09042737978116645
Andre Williams,0.5568130196894926,2014,0.46863468634686345,0.8856088560885609,0.0,0.5387453874538746,0.0,0.4769372693726937,0.0,0.4833948339483395,0.0,0.5119926199261993,0.0,0.5046125461254612,0.0,0.540590405904059,0.0,0.507380073800738,0.0,0.0,0.0,Andre Williams,0.6503690036900369,0.9068265682656826,0.5774907749077491,0.5055350553505535,0.9261992619926199,0.47601476014760147,0.03136531365313653,0.35721624593227597,0.4954165404010046
Dri Archer,0.26207754964101715,2014,0.13745387453874536,0.5876383763837638,0.0,0.5387453874538746,0.8920664206642066,0.0,0.0,0.4833948339483395,0.7370848708487086,0.0,0.9566420664206642,1.0,0.0,0.540590405904059,0.0,0.507380073800738,0.0,0.0,0.0,Dri Archer,0.07656826568265682,0.0,0.8071955719557196,0.0544280442804428,0.25276752767527677,0.3053505535055351,0.35977859778597787,0.06765835065840942,0.10779344313977922
Charles Sims,-0.4256385471387589,2014,0.9787822878228782,0.294280442804428,0.3321033210332103,1.0,0.0,0.4769372693726937,0.0,0.4833948339483395,0.0,0.5119926199261993,0.0,0.5046125461254612,0.0,0.540590405904059,0.0,0.507380073800738,0.0,0.0,0.0,Charles Sims,0.82380073800738,0.48800738007380073,0.31826568265682653,0.3413284132841329,0.8911439114391144,0.3191881918819188,0.272140221402214,0.6694818099595601,0.5642655298158294
De'Anthony Thomas,0.8269872005672618,2014,0.46863468634686345,0.03966789667896679,0.0,0.5387453874538746,0.9234317343173432,1.0,0.0,0.4833948339483395,0.0,0.5119926199261993,0.0,0.5046125461254612,0.0,0.540590405904059,0.0,0.507380073800738,0.0,0.0,0.0,De'Anthony Thomas,0.21955719557195572,0.008302583025830259,0.08487084870848707,0.008302583025830259,0.816420664206642,0.39022140221402213,0.584870848708487,0.14566031855807346,0.09128181079319374
Terrance West,0.18839368212889832,2014,0.6660516605166051,0.2333948339483395,0.6171586715867159,1.0,0.0,0.4769372693726937,0.0,0.4833948339483395,0.857011070110701,0.224169741697417,0.0,0.5046125461254612,0.0,0.540590405904059,0.0,0.507380073800738,2.0,0.0,0.0,Terrance West,0.21955719557195572,0.8081180811808117,0.5774907749077491,0.25,0.5479704797047971,0.9123616236162362,0.8118081180811808,0.4671388583837474,0.08341075219548807
Jerick McKinnon,0.23751626047031088,2014,0.46863468634686345,0.3367158671586716,0.9409594095940959,0.5387453874538746,0.0,0.4769372693726937,0.0,0.4833948339483395,0.0,0.5119926199261993,0.0,0.5046125461254612,0.0,0.540590405904059,0.0,0.507380073800738,1.0,0.0,0.0,Jerick McKinnon,0.21955719557195572,0.33487084870848705,0.13837638376383765,1.0,0.9889298892988929,0.06457564575645756,0.06918819188191883,0.44326246667563907,0.20481610308545614
Bishop Sankey,-0.7940578846993532,2014,0.253690036900369,0.6116236162361623,0.6559040590405905,0.0,0.0,0.4769372693726937,0.0,0.4833948339483395,0.0,0.5119926199261993,0.0,0.5046125461254612,0.0,0.540590405904059,0.0,0.507380073800738,1.0,0.0,0.0,Bishop Sankey,0.21955719557195572,0.33487084870848705,0.37822878228782286,0.9372693726937269,0.8911439114391144,0.027675276752767528,0.01937269372693727,0.557717305089242,0.648180354366855
Lorenzo Taliaferro,1.17084524895715,2014,0.09594095940959409,1.0,0.9409594095940959,0.0,0.0,0.4769372693726937,0.0,0.4833948339483395,0.0,0.5119926199261993,0.0,0.5046125461254612,0.0,0.540590405904059,0.0,0.507380073800738,0.0,0.0,0.0,Lorenzo Taliaferro,0.82380073800738,0.8846863468634686,0.6365313653136531,0.4437269372693727,0.43265682656826565,0.08118081180811808,0.1466789667896679,0.20811956106083576,0.19766212043197362
James White,0.9743549355914995,2014,0.42712177121771217,0.0544280442804428,0.8809963099630995,1.0,0.7592250922509225,1.0,0.0,0.4833948339483395,0.0,0.5119926199261993,0.809040590405904,0.0,0.0,0.540590405904059,0.0,0.507380073800738,0.0,0.0,0.0,James White,0.21955719557195572,0.1881918819188192,0.6097785977859778,0.8902214022140221,0.2232472324723247,0.21494464944649444,0.12453874538745387,0.1671699250810024,0.022348525914876752
D'Andre Swift,-1.2607223789427728,2021,0.1614391143911439,0.7297047970479704,0.6060885608856088,0.0,0.679889298892989,0.7592250922509225,0.0,0.4833948339483395,0.8920664206642066,0.0,0.0,0.5046125461254612,0.0,0.540590405904059,0.0,0.507380073800738,2.0,1.0,0.0,D'Andre Swift,0.07656826568265682,0.4225092250922509,0.31826568265682653,0.761070110701107,0.6254612546125461,0.8514760147601476,0.9225092250922509,0.5666609913030105,0.2345023931600682
Jonathan Taylor,-1.113354643918535,2021,0.7961254612546125,0.5525830258302582,0.5691881918819188,0.0,0.0,0.4769372693726937,0.0,0.4833948339483395,0.0,0.5119926199261993,0.0,0.5046125461254612,0.0,0.540590405904059,0.0,0.507380073800738,4.0,2.0,1.0,Jonathan Taylor,0.43265682656826565,0.8293357933579335,0.08487084870848707,0.3413284132841329,0.768450184501845,0.1817343173431734,0.1706642066420664,0.7462539880343505,0.8667888100553669
Cam Akers,-0.8431804630407658,2021,0.9511070110701108,0.275830258302583,0.0,0.5387453874538746,0.7204797047970479,1.0,0.8699261992619927,1.0,0.0,0.5119926199261993,0.0,0.5046125461254612,0.0,0.540590405904059,0.0,0.507380073800738,1.0,0.0,0.0,Cam Akers,0.43265682656826565,0.6014760147601476,0.272140221402214,0.6678966789667896,0.7066420664206642,0.7020295202952029,0.5359778597785978,0.8314460823266887,0.5761843337723211
Clyde Edwards-Helaire,-1.3344062464548916,2021,0.6725092250922509,0.11162361623616236,0.0,0.5387453874538746,0.0,0.4769372693726937,0.0,0.4833948339483395,0.9031365313653137,1.0,0.0,0.5046125461254612,0.0,0.540590405904059,0.0,0.507380073800738,1.0,0.0,0.0,Clyde Edwards-Helaire,0.016605166051660517,0.2656826568265683,0.6817343173431734,0.13468634686346861,0.768450184501845,0.9566420664206642,0.8357933579335793,0.6255491142198353,0.34832115595110646
J.K. Dobbins,-0.7694965955286469,2021,0.6891143911439115,0.11715867158671586,0.6743542435424354,1.0,0.0,0.4769372693726937,0.0,0.4833948339483395,0.0,0.5119926199261993,0.0,0.5046125461254612,0.0,0.540590405904059,0.0,0.507380073800738,1.0,0.0,0.0,J.K. Dobbins,0.21955719557195572,0.33487084870848705,0.9437269372693726,0.8902214022140221,0.15129151291512916,0.4206642066420664,0.3856088560885609,0.788320442471874,0.5310379990652531
Zack Moss,-0.008096631236752,2021,0.272140221402214,0.16789667896678967,0.0,0.5387453874538746,0.9953874538745386,0.753690036900369,0.0,0.4833948339483395,0.78690036900369,1.0,0.0,0.5046125461254612,0.0,0.540590405904059,0.0,0.507380073800738,1.0,0.0,0.0,Zack Moss,0.21955719557195572,0.7629151291512914,0.7666051660516604,0.551660516605166,0.18357933579335792,0.9123616236162362,0.4298892988929889,0.31815654775646635,0.1367147037756248
Darrynton Evans,0.16383239295819202,2021,0.7721402214022139,0.18542435424354242,0.5636531365313653,1.0,0.0,0.4769372693726937,0.0,0.4833948339483395,0.7444649446494465,1.0,0.8754612546125461,0.0,0.0,0.540590405904059,0.0,0.507380073800738,0.0,0.0,0.0,Darrynton Evans,0.43265682656826565,0.1688191881918819,0.13837638376383765,0.6678966789667896,0.853321033210332,0.6494464944649446,0.6752767527675276,0.2941604159095291,0.022894076996081845
AJ Dillon,-0.597567571333703,2021,0.6522140221402214,0.5654981549815499,0.3662361623616236,1.0,0.838560885608856,1.0,0.9308118081180812,0.0,0.6208487084870848,0.21863468634686345,0.0,0.5046125461254612,0.0,0.540590405904059,0.0,0.507380073800738,0.0,0.0,0.0,AJ Dillon,0.82380073800738,1.0,0.47785977859778594,0.8902214022140221,0.9686346863468634,0.3736162361623616,0.7287822878228782,0.5936052188960913,0.08672434463966318
DeeJay Dallas,1.17084524895715,2021,0.3533210332103321,0.8274907749077491,0.9409594095940959,0.0,0.7702952029520296,1.0,0.0,0.4833948339483395,0.5857933579335792,0.7887453874538746,0.0,0.5046125461254612,0.0,0.540590405904059,0.0,0.507380073800738,0.0,0.0,0.0,DeeJay Dallas,0.43265682656826565,0.6014760147601476,0.6365313653136531,0.3985239852398524,0.5018450184501845,0.34870848708487084,0.3284132841328413,0.12549256238562834,0.024028059509593126
La'Mical Perine,0.5813743088601989,2021,0.5581180811808117,0.09501845018450183,0.8339483394833949,0.7370848708487086,0.0,0.4769372693726937,0.0,0.4833948339483395,0.7573800738007379,1.0,0.0,0.5046125461254612,0.0,0.540590405904059,0.0,0.507380073800738,0.0,0.0,0.0,La'Mical Perine,0.6503690036900369,0.566420664206642,0.7223247232472324,0.8256457564575646,0.43265682656826565,0.2887453874538745,0.2915129151291513,0.3361998941657262,0.05692200389483828
Anthony McFarland,0.6796194655430241,2021,0.147589261975146,0.9225372500821881,0.8711046350154243,0.34877725903094353,0.9079650804425988,0.0,0.9061812824436076,1.0,0.7269791868498429,0.0,0.0,0.5046125461254612,0.0,0.540590405904059,0.0,0.507380073800738,0.0,0.0,0.0,Anthony McFarland,0.07656826568265682,0.30073800738007384,0.2029520295202952,0.6678966789667896,0.30073800738007384,0.981549815498155,0.8680811808118081,0.2882023753360323,0.03650534790866651
Ke'Shawn Vaughn,-0.2537095229438149,2021,0.6005535055350553,0.1429889298892989,0.7260147601476015,1.0,0.0,0.4769372693726937,0.8976014760147601,0.0,0.8625461254612545,0.783210332103321,0.0,0.5046125461254612,0.0,0.540590405904059,0.0,0.507380073800738,0.0,0.0,0.0,Ke'Shawn Vaughn,0.43265682656826565,0.48800738007380073,0.4280442804428044,0.1992619926199262,0.3459409594095941,0.5719557195571956,0.7785977859778598,0.42676741981390276,0.039601128952236664
Joshua Kelley,0.3848839954945486,2021,0.0,1.0,0.7942804428044281,1.0,0.8976014760147601,0.20756457564575648,0.9105166051660516,1.0,0.9345018450184501,0.0,0.0,0.5046125461254612,0.0,0.540590405904059,0.0,0.507380073800738,0.0,0.0,0.0,Joshua Kelley,0.6503690036900369,0.4225092250922509,0.37822878228782286,0.8902214022140221,0.6254612546125461,0.1411439114391144,0.22509225092250923,0.26900387324769387,0.03487329645171666
Jason Huntley,1.6866323215419818,2021,0.0525830258302583,0.0,0.9409594095940959,1.0,0.0,0.4769372693726937,0.0,0.4833948339483395,0.5802583025830259,0.0,0.0,0.5046125461254612,0.0,0.540590405904059,1.0,0.507380073800738,0.0,0.0,0.0,Jason Huntley,0.21955719557195572,0.050738007380073794,0.8625461254612545,0.06734317343173432,0.06549815498154982,0.44188191881918815,0.7066420664206642,0.06355009545242853,0.01750112690695422
Travis Etienne,-1.5063352706498356,2021,0.5230627306273063,0.7370848708487086,0.8625461254612545,0.0,0.0,0.4769372693726937,0.0,0.4833948339483395,0.0,0.5119926199261993,0.0,0.5046125461254612,0.0,0.540590405904059,0.0,0.507380073800738,3.0,0.0,0.0,Travis Etienne,0.43265682656826565,0.533210332103321,0.9225092250922509,0.2952029520295203,0.24077490774907748,0.6909594095940959,0.6134686346863469,0.8216461073201381,0.7907386364714786
Najee Harris,-1.530896559820542,2021,0.5765682656826567,0.5341328413284132,0.7020295202952029,0.30904059040590404,0.0,0.4769372693726937,0.0,0.4833948339483395,0.8809963099630995,1.0,0.9160516605166051,0.0,0.9178966789667897,0.0,0.0,0.507380073800738,4.0,1.0,0.0,Najee Harris,0.9391143911439115,0.9289667896678966,0.959409594095941,0.7140221402214022,0.19649446494464945,0.6051660516605166,0.9621771217712176,0.8786253689628447,0.2944727054352984
Javonte Williams,-1.2607223789427728,2021,0.8404059040590406,0.21678966789667897,0.4750922509225092,0.0,0.857011070110701,1.0,0.0,0.4833948339483395,0.0,0.5119926199261993,0.0,0.5046125461254612,0.0,0.540590405904059,0.0,0.507380073800738,2.0,0.0,0.0,Javonte Williams,0.43265682656826565,0.4225092250922509,0.9787822878228782,0.6162361623616236,0.0,0.6291512915129152,0.4095940959409594,0.7542529925104031,0.7536276706005548
Michael Carter,0.2866388388117235,2021,0.24261992619926198,0.9142066420664205,0.0,0.5387453874538746,0.0,0.4769372693726937,0.0,0.4833948339483395,0.0,0.5119926199261993,1.0,0.0,0.9474169741697416,0.540590405904059,0.0,0.507380073800738,2.0,0.0,0.0,Michael Carter,0.07656826568265682,0.13191881918819187,0.8440959409594095,0.28136531365313655,0.10793357933579335,0.5470479704797048,0.6319188191881919,0.33488679490095125,0.20830087043204826
Trey Sermon,0.06558723627536686,2021,0.16789667896678967,0.7739852398523985,0.801660516605166,0.731549815498155,0.9529520295202951,0.0,0.0,0.4833948339483395,0.5913284132841328,1.0,0.0,0.5046125461254612,0.0,0.540590405904059,0.0,0.507380073800738,0.0,0.0,0.0,Trey Sermon,0.82380073800738,0.533210332103321,0.9160516605166051,0.1992619926199262,0.4714022140221402,0.7970479704797048,0.7601476014760147,0.3303095951286013,0.0665409112811651
Kenneth Gainwell,1.17084524895715,2021,0.03228782287822878,0.3367158671586716,0.8754612546125461,0.0,0.9529520295202951,1.0,0.0,0.4833948339483395,0.8339483394833949,0.23523985239852396,0.0,0.5046125461254612,0.0,0.540590405904059,0.0,0.507380073800738,0.0,0.0,0.0,Kenneth Gainwell,0.21955719557195572,0.13191881918819187,0.904981549815498,0.22324723247232472,0.3856088560885609,0.820110701107011,0.6503690036900369,0.059833364915761314,0.008871954738071498
Rhamondre Stevenson,0.6059355980309052,2021,0.09594095940959409,0.3367158671586716,0.8994464944649446,0.0,0.0,0.4769372693726937,0.0,0.4833948339483395,0.9704797047970479,1.0,0.0,0.5046125461254612,0.0,0.540590405904059,0.0,0.507380073800738,2.0,0.0,0.0,Rhamondre Stevenson,0.82380073800738,0.8496309963099631,0.8939114391143912,0.7859778597785978,0.09870848708487084,0.8782287822878229,0.9621771217712176,0.3200328546824534,0.04012597285577557
